13
387
538
953
525
744
290
24
354
830
200
65
312
642
429
544
963
632
514
964
692
805
188
971
638
734
749
76
417
694
969
320
663
838
545
829
970
568
92
939
512
536
58
714
556
577
132
68
961
468
907
842
369
734
511
880
382
951
294
543
325
458
110
513
133
888
131
267
884
907
429
565
948
964
178
167
77
913
502
799
416
334
852
403
280
583
895
715
703
750
345
312
69
953
956
815
483
681
9
517
196
570
879
919
369
855
800
380
765
277
585
199
460
435
544
603
533
992
313
449
90
137
39
420
845
907
784
680
718
140
725
481
691
588
434
229
58
640
106
477
333
848
787
850
701
284
125
602
795
134
22
17
871
456
535
874
25
969
799
741
168
83
337
621
354
784
722
796
982
380
294
79
966
214
342
883
662
784
411
429
221
260
172
341
544
6
981
685
19
185
101
294
407
497
630
956
630
851
937
248
330
487
929
951
340
857
190
195
672
712
192
102
587
627
404
604
755
430
67
736
140
538
825
505
263
518
631
877
84
235
607
501
576
316
355
985
53
233
22
626
137
198
684
665
419
992
343
934
66
873
159
365
856
451
680
594
599
963
157
605
210
649
437
722
515
877
3
178
843
892
742
506
871
562
101
857
196
286
292
864
98
469
222
499
782
441
936
103
138
399
538
18
345
731
121
933
670
992
36
599
19
490
721
452
832
700
165
847
266
527
522
180
975
977
940
413
985
548
349
349
396
898
848
757
828
27
134
263
995
793
373
242
313
62
382
593
737
237
751
331
461
981
511
960
709
55
31
483
590
637
29
460
904
670
778
152
981
111
225
684
551
244
404
590
62
443
758
228
355
696
100
850
938
530
469
745
624
343
74
13
278
375
553
636
590
470
238
346
862
411
271
634
127
80
682
106
649
999
855
330
512
705
335
140
818
611
167
402
258
925
95
394
661
525
590
729
45
629
540
262
909
797
569
850
272
929
454
225
739
722
343
540
758
53
339
522
662
443
389
68
18
464
359
811
553
788
385
797
408
6
78
49
298
356
577
79
52
563
485
652
814
869
442
465
617
755
907
671
57
682
437
308
465
490
573
20
212
780
988
603
129
90
932
948
95
343
176
328
770
802
618
57
303
271
560
766
498
52
813
331
807
737
171
228
779
997
958
967
919
470
832
272
597
565
502
389
488
40
22
268
969
914
865
992
253
185
400
484
389
821
878
285
300
983
504
487
101
400
536
490
202
354
207
725
327
366
679
551
131
272
605
427
623
600
429
0
45
55
762
581
226
201
383
894
736
344
475
678
985
257
994
700
544
466
535
774
333
642
999
462
342
221
411
146
806
420
562
822
960
148
697
671
784
483
287
897
115
520
450
166
682
844
619
784
934
251
18
973
321
874
819
361
975
236
963
507
234
972
439
784
369
927
937
970
290
63
489
629
115
771
320
42
919
915
935
682
164
786
850
56
659
154
767
667
789
360
624
756
274
129
19
366
497
198
676
615
838
523
417
318
761
379
622
799
249
528
336
128
24
323
455
730
135
66
77
474
787
810
486
11
455
469
763
215
682
523
283
490
827
47
233
42
287
770
38
104
962
212
473
468
803
367
536
517
831
943
484
17
781
704
563
579
524
253
260
136
892
357
314
461
626
39
880
862
665
118
168
100
131
34
762
323
276
900
213
514
987
794
617
770
843
147
925
174
430
972
990
59
463
233
441
149
456
453
460
639
898
110
69
230
578
332
830
834
188
307
470
286
285
129
958
175
752
851
624
877
37
275
652
480
653
961
5
503
0
761
925
732
757
440
324
721
574
199
757
697
255
843
581
337
496
83
653
77
354
762
798
576
218
9
898
478
368
147
528
74
623
393
255
735
107
75
208
816
84
199
963
287
165
411
610
228
400
9
809
981
816
865
340
213
983
347
226
154
105
896
462
935
288
634
587
105
612
993
608
73
13
646
958
51
424
221
119
1
618
615
564
461
671
562
934
881
410
595
859
17
363
181
815
865
617
695
754
278
536
466
943
366
703
834
262
936
462
753
351
279
624
19
476
674
142
544
230
775
96
627
236
857
333
744
954
839
532
690
457
456
195
434
858
185
445
556
82
141
48
252
371
897
415
434
987
260
672
20
689
706
978
225
973
977
615
445
149
926
409
518
881
358
585
273
505
88
567
257
251
334
850
642
373
701
73
400
523
856
946
825
386
281
257
918
692
571
258
960
288
178
665
988
308
372
840
847
720
744
123
353
547
632
336
937
751
755
639
894
994
128
605
575
158
628
846
262
138
316
348
328
690
76
517
122
185
712
422
697
830
444
446
932
378
701
241
8
127
370
625
412
137
200
158
377
184
873
12
555
657
96
484
124
164
856
238
467
1
543
881
278
565
537
449
443
490
551
421
180
837
236
659
592
746
150
456
96
736
138
624
46
606
223
984
986
332
633
931
767
675
883
253
297
230
559
371
252
193
553
666
58
33
709
121
282
797
919
611
35
566
245
981
899
775
166
612
28
846
590
747
566
960
734
932
430
920
701
404
189
617
200
848
633
631
278
722
988
767
803
372
394
945
943
754
253
444
601
153
649
710
336
486
348
23
649
878
957
910
64
606
291
800
390
171
95
70
177
685
730
433
210
406
463
591
935
750
926
619
56
793
230
693
186
287
169
235
192
645
868
313
849
762
548
74
102
672
547
278
138
73
279
358
152
382
513
863
522
405
783
432
588
934
640
516
856
891
769
656
908
596
961
449
490
380
48
357
176
497
413
828
374
898
991
690
711
460
839
688
692
889
896
392
930
350
422
493
619
575
348
831
830
275
700
704
203
735
261
254
826
497
514
613
75
506
286
849
405
443
382
667
142
936
810
622
416
278
985
673
766
717
301
794
822
214
478
362
732
260
535
239
463
55
789
364
130
2
73
436
507
718
529
94
582
890
917
988
610
63
532
440
766
628
863
827
904
567
446
541
858
943
997
700
12
414
776
270
363
947
609
258
556
238
855
480
640
810
41
180
700
905
283
155
706
149
481
599
218
792
757
705
265
256
134
894
405
517
572
116
325
901
109
255
494
784
440
44
114
846
733
297
38
736
462
57
767
983
350
781
867
687
142
171
458
504
443
702
245
61
122
155
765
873
17
346
501
724
388
407
980
864
681
910
345
765
884
550
179
866
544
878
377
295
775
396
503
449
902
742
694
66
186
107
148
672
636
759
889
393
399
420
779
192
559
3
686
845
221
881
511
570
702
961
663
81
233
30
328
309
908
916
684
55
516
870
61
924
365
974
926
158
725
70
619
635
134
838
552
653
911
142
942
439
735
389
610
885
803
502
69
252
38
526
704
212
923
648
909
705
534
76
336
920
497
45
393
220
641
165
700
861
996
892
873
972
884
536
802
358
132
223
629
239
802
972
824
433
144
862
352
955
748
48
887
393
75
437
513
593
53
125
981
758
252
745
462
796
668
323
504
372
159
673
901
346
482
721
501
490
379
705
185
963
929
925
886
909
399
223
54
234
96
401
895
577
737
809
244
962
422
293
905
120
397
564
318
69
373
886
256
528
966
752
103
714
24
788
599
635
116
590
745
729
374
214
43
715
206
352
742
744
755
590
115
361
661
203
99
221
21
140
966
8
349
423
977
512
349
267
813
787
127
880
218
432
414
335
930
167
177
224
790
942
109
664
849
501
868
986
911
516
987
27
850
850
501
155
796
284
674
950
286
577
852
379
561
948
269
853
342
417
805
268
342
616
68
710
130
50
240
726
425
404
547
986
956
501
227
63
469
90
457
457
283
338
975
17
691
750
316
129
67
404
506
704
833
509
214
837
317
696
733
983
12
354
544
43
189
809
926
84
275
798
470
996
451
868
223
551
947
568
678
60
52
690
21
961
314
356
726
188
748
281
292
507
539
640
843
236
329
145
654
368
582
200
187
351
598
477
973
869
558
651
659
770
695
397
191
976
563
188
149
266
281
943
814
347
591
579
990
271
376
211
59
206
879
592
130
46
242
281
622
102
208
710
348
387
84
487
334
491
957
458
386
320
814
241
501
653
450
913
254
689
861
466
108
163
161
759
454
610
490
166
505
924
425
692
397
838
10
761
194
433
320
23
753
366
119
518
391
288
835
144
68
181
543
293
674
806
740
455
58
494
805
75
399
69
33
202
531
371
162
662
105
706
250
710
133
609
209
165
81
77
567
528
563
214
730
682
974
157
762
871
857
799
279
995
335
24
976
222
59
374
471
34
953
58
8
839
122
400
277
107
506
781
54
354
873
364
573
803
165
363
737
462
353
779
723
711
706
638
430
120
22
691
521
104
91
389
236
890
664
381
754
282
7
404
151
793
280
769
797
440
424
404
409
565
545
780
700
704
451
569
583
46
936
168
26
416
95
956
325
929
862
771
765
569
181
594
256
816
526
18
144
475
461
647
672
317
700
965
70
44
784
544
399
448
665
841
169
64
798
736
790
804
776
619
488
809
62
544
948
420
782
292
984
437
232
974
378
888
766
418
660
35
548
647
506
502
422
303
490
733
588
279
65
653
137
432
553
871
269
625
650
848
103
695
911
980
936
682
889
276
280
624
940
471
496
837
732
859
887
168
847
731
809
955
493
608
57
425
352
371
286
364
642
156
351
475
963
627
891
694
458
581
576
832
40
180
643
935
93
965
635
135
544
266
78
100
649
301
456
349
572
783
190
420
897
586
344
213
513
571
740
71
635
646
917
679
945
859
315
678
595
154
602
578
6
885
961
871
185
52
933
158
635
517
785
458
519
757
375
805
24
596
302
279
538
465
523
273
981
477
679
276
273
380
827
9
29
725
790
615
672
496
874
630
884
85
122
43
762
983
880
126
804
380
64
327
316
513
946
318
748
797
133
700
562
355
212
852
754
962
179
385
922
216
571
163
712
428
791
935
258
133
48
870
516
940
382
607
215
681
474
523
9
617
921
36
214
79
875
243
282
724
523
392
38
520
413
80
217
870
973
909
663
861
597
549
405
361
908
25
386
282
826
864
146
478
58
765
932
26
929
33
768
898
24
168
553
298
440
21
951
738
842
10
993
592
855
908
845
367
453
984
781
951
335
927
905
675
481
596
89
134
183
459
342
193
200
418
380
902
597
314
894
637
574
212
564
268
465
414
293
680
245
79
664
621
775
845
743
420
536
39
490
612
812
696
990
262
947
765
928
73
830
938
354
813
395
306
869
356
153
411
468
638
547
11
930
938
16
449
538
448
842
363
515
997
470
134
870
361
626
944
576
653
487
460
729
135
276
245
263
549
702
119
829
228
838
90
513
699
536
400
965
263
110
578
144
540
185
171
589
391
16
318
371
702
553
984
962
229
177
267
799
486
706
278
325
303
903
257
40
411
689
405
969
449
337
796
359
219
15
644
811
864
373
102
621
490
982
585
692
39
775
899
713
886
586
191
816
561
255
621
851
425
303
742
32
297
876
999
806
205
576
613
684
784
660
726
811
532
322
438
570
749
413
805
152
101
8
812
11
483
824
316
627
568
237
121
46
897
668
651
462
643
593
725
235
698
224
648
270
879
697
919
936
505
483
813
808
769
956
825
551
208
151
999
129
323
375
518
177
626
503
71
935
483
413
236
286
500
113
709
787
605
273
550
382
713
154
676
95
177
905
780
564
735
677
690
809
140
6
207
13
594
199
453
164
617
508
750
908
509
413
705
459
752
946
44
11
797
160
649
183
140
149
450
607
423
525
692
273
954
243
989
63
731
178
273
487
457
235
688
121
286
958
935
27
411
661
104
77
641
245
123
945
497
214
864
573
376
354
999
100
396
941
86
863
791
594
434
624
860
577
858
191
340
522
343
591
856
11
803
609
594
325
390
237
621
441
758
299
291
873
821
504
772
861
83
908
770
488
544
700
476
972
15
1
984
67
33
199
698
273
585
802
502
681
371
682
324
65
531
261
502
412
886
50
393
366
993
726
987
208
249
215
142
403
942
629
571
373
675
937
191
21
460
47
427
307
939
717
598
114
132
379
160
992
897
538
910
26
820
219
680
105
658
837
802
499
379
926
356
666
176
301
133
485
94
628
268
540
190
754
330
226
921
360
662
631
88
9
319
921
668
12
62
280
514
782
255
225
542
105
684
744
983
243
434
322
272
346
434
309
214
205
222
227
400
284
658
236
102
98
391
106
28
774
721
673
53
705
289
199
785
4
512
713
815
517
264
23
188
851
675
195
231
693
474
82
212
905
411
5
194
99
901
123
314
686
209
160
468
675
150
747
294
449
208
833
389
857
814
322
232
845
767
412
761
370
251
717
443
974
463
474
832
906
614
41
793
898
351
770
357
688
398
310
550
356
804
197
61
58
134
344
916
742
177
988
526
528
396
526
239
942
203
29
855
538
309
246
702
187
935
323
811
125
345
845
736
351
141
73
292
155
201
57
630
803
620
620
444
151
777
524
508
768
264
776
52
309
120
628
269
109
840
895
222
929
219
743
318
511
814
574
705
994
686
158
413
481
894
938
854
158
238
291
49
97
280
83
534
21
306
193
544
576
233
956
578
222
909
193
92
338
555
678
343
816
468
493
294
72
948
962
64
163
811
368
876
126
260
255
600
302
786
50
366
621
241
929
60
420
334
578
714
240
219
286
299
804
212
918
633
55
738
180
893
950
292
912
359
103
621
144
292
825
59
672
263
569
946
745
502
500
844
406
640
969
512
531
353
104
744
383
236
405
236
300
211
212
146
553
921
949
128
237
650
747
689
904
606
857
850
904
476
286
969
47
490
586
226
853
68
21
13
933
672
554
932
916
669
922
686
658
117
28
500
667
219
928
56
321
571
146
180
434
130
616
332
932
662
392
125
832
97
103
354
492
134
69
672
883
103
189
932
146
576
679
799
690
711
744
845
524
598
830
371
263
895
6
803
841
322
699
134
580
120
541
258
505
232
638
771
760
582
185
393
382
265
67
87
187
8
866
553
295
622
793
387
877
374
911
361
289
303
53
193
945
58
17
870
391
147
121
777
762
511
48
408
123
106
891
295
238
890
855
26
863
339
460
125
467
623
235
649
261
685
381
513
520
835
256
504
472
367
786
165
208
692
383
602
433
345
419
569
882
113
340
94
943
365
609
483
814
17
296
280
35
609
695
192
126
543
729
162
501
418
783
360
82
221
590
367
587
640
530
785
330
914
927
67
35
602
669
721
787
860
732
382
180
868
731
346
318
594
100
699
981
90
102
10
887
307
498
586
98
428
353
51
379
313
322
598
510
277
518
347
16
932
864
502
849
432
386
715
92
645
984
367
597
106
395
546
256
484
701
286
491
778
654
41
586
43
180
845
526
760
890
690
675
384
231
843
422
563
776
671
552
854
565
348
601
933
714
37
774
134
632
213
17
78
241
559
233
336
107
384
295
907
179
533
40
301
934
187
325
978
696
158
85
821
910
208
618
746
257
341
803
878
584
113
881
23
798
437
166
747
722
208
460
95
657
478
915
501
375
455
550
994
540
265
111
520
965
672
907
190
624
661
609
69
480
399
875
558
242
99
178
113
606
320
83
359
196
753
994
131
952
532
189
8
459
184
106
250
852
26
10
450
928
894
172
198
59
959
603
220
156
30
781
471
349
384
289
745
187
897
967
928
233
819
77
67
213
275
539
378
879
470
758
827
563
628
416
555
92
979
642
674
573
548
374
609
104
121
547
27
834
956
450
395
722
726
662
361
578
956
282
97
904
629
777
117
555
205
691
615
626
782
511
944
340
975
482
332
433
40
354
709
766
411
665
23
213
470
166
686
813
668
597
529
714
940
581
306
488
765
832
528
199
336
69
295
291
779
316
207
167
225
667
410
393
665
98
948
278
964
965
71
684
429
495
409
607
763
412
690
933
298
243
636
879
223
655
608
797
255
996
172
77
856
358
522
252
697
61
248
598
873
998
769
78
410
694
570
47
592
800
980
818
690
338
354
972
661
13
580
274
383
458
791
11
370
285
616
288
415
505
984
969
87
933
919
296
296
977
373
227
105
64
540
945
992
623
204
72
663
830
897
907
361
364
633
237
817
505
792
563
811
514
567
805
599
420
674
957
654
705
863
947
134
45
914
738
166
183
487
705
163
157
919
937
951
21
611
622
481
69
137
309
651
410
327
728
237
908
885
477
319
356
499
474
263
126
714
464
939
265
538
86
935
25
687
653
319
266
255
329
836
869
681
143
533
630
999
4
199
730
653
697
64
736
181
48
962
622
585
383
116
157
449
901
460
188
185
0
66
713
506
623
365
754
795
977
961
889
113
143
537
641
519
895
924
62
330
168
157
370
535
41
44
930
840
896
608
904
17
464
325
324
393
15
625
233
52
851
803
794
476
788
406
624
810
373
535
205
245
552
678
937
81
940
209
795
571
693
123
53
817
132
756
770
681
147
878
28
637
47
33
707
691
717
369
381
423
403
644
350
738
760
597
820
89
165
881
877
12
312
154
209
27
860
965
946
121
353
363
114
934
330
726
845
478
266
570
36
308
682
717
763
525
136
614
655
139
613
864
477
711
732
6
196
300
502
895
51
903
74
326
203
821
170
561
93
529
439
528
824
318
916
823
542
611
863
965
722
330
289
943
780
759
616
529
583
712
210
311
589
436
428
811
498
34
857
469
143
982
365
155
608
556
360
413
352
234
224
973
366
337
310
569
992
822
402
692
829
54
58
301
391
31
246
661
967
851
884
288
506
434
854
210
531
775
402
308
530
937
26
64
746
997
158
411
164
188
559
480
726
246
65
530
170
320
710
266
153
575
980
681
562
794
679
310
849
593
485
774
149
876
22
354
495
223
204
839
749
445
243
786
624
323
655
88
40
976
442
423
684
41
913
609
87
572
486
467
808
841
432
339
221
870
665
490
314
147
570
733
884
412
119
565
816
630
615
31
875
36
514
105
625
236
810
644
83
90
404
774
119
478
313
537
479
8
539
564
496
412
285
115
369
661
713
435
90
451
411
875
970
311
335
925
283
951
307
925
899
178
82
822
143
502
669
295
89
613
496
844
146
83
622
126
193
420
141
212
54
683
154
16
782
530
549
143
50
119
778
883
374
907
618
967
398
488
576
119
733
222
270
132
54
169
182
611
937
954
64
413
490
635
180
237
265
694
242
458
109
11
548
560
12
454
661
980
831
746
856
716
0
803
494
69
195
40
548
863
805
414
765
706
444
965
368
326
19
903
529
299
987
38
577
184
459
115
475
750
265
222
828
269
416
536
148
604
854
109
906
834
58
63
254
914
782
775
479
135
539
476
126
691
19
677
600
978
662
198
919
360
202
634
845
939
129
997
801
881
305
620
289
682
82
902
737
640
44
672
353
119
327
115
2
106
327
963
28
510
830
105
858
763
699
201
997
923
553
406
872
158
649
405
206
766
913
544
513
514
767
999
738
129
227
510
279
635
427
673
739
706
719
607
118
605
142
747
843
412
210
378
261
736
493
864
550
925
471
745
92
420
936
537
357
526
237
228
81
874
353
494
18
508
286
698
123
279
214
418
393
452
889
954
818
701
168
101
753
92
818
297
863
984
111
19
232
538
821
512
983
444
704
511
942
757
536
604
724
140
914
535
474
521
520
555
877
731
997
873
557
545
538
558
228
795
739
614
135
419
320
957
859
898
984
515
292
493
959
844
948
93
528
424
657
641
294
368
677
368
42
406
434
197
288
390
578
34
309
722
356
770
754
933
589
629
749
591
923
640
765
968
616
923
584
623
550
116
69
140
36
503
150
592
665
780
33
355
821
514
105
709
578
911
630
252
348
25
358
174
226
58
992
453
961
424
164
713
203
999
235
656
170
825
740
550
472
442
558
831
818
141
997
588
378
402
403
885
87
676
873
681
931
279
421
583
222
820
522
167
998
855
949
571
512
409
445
35
266
156
957
480
820
441
170
363
361
771
477
509
158
351
519
534
635
251
181
545
18
851
913
850
582
619
780
45
217
459
503
108
400
476
167
60
793
832
5
794
260
533
91
360
824
117
382
697
191
727
585
187
427
672
648
913
431
951
451
307
373
860
477
785
560
425
758
656
812
963
930
450
396
381
18
800
102
448
811
409
645
47
995
351
767
353
422
833
285
85
62
169
239
538
511
189
870
202
291
402
669
771
768
769
848
790
597
511
132
678
599
44
506
300
780
664
549
488
220
586
862
985
824
756
333
926
837
11
477
392
562
477
698
363
622
174
338
3
28
717
995
621
378
996
511
158
346
194
762
244
752
612
8
635
379
861
897
88
260
567
382
680
510
374
478
755
950
861
234
263
548
471
862
905
41
357
942
200
956
294
159
177
890
616
963
982
106
916
712
307
999
137
50
347
916
739
323
953
729
24
324
29
779
40
937
67
765
666
883
381
869
420
588
864
201
442
344
181
966
991
432
14
317
638
429
267
57
425
513
772
47
879
425
514
763
270
225
83
588
218
298
65
331
961
741
206
520
121
291
271
702
298
305
70
961
399
917
122
527
697
961
599
450
867
173
678
895
214
694
782
274
571
788
936
540
432
106
332
880
245
14
292
83
919
36
144
149
616
296
62
91
82
384
437
317
441
422
346
545
611
637
880
774
78
676
981
593
772
672
402
526
387
733
569
113
443
726
570
595
35
655
3
688
770
679
479
677
284
600
84
304
885
877
185
94
199
731
915
255
547
288
423
960
489
242
608
651
629
746
383
360
904
402
768
787
124
80
226
815
468
319
375
480
191
223
448
857
467
712
0
951
482
363
605
577
430
749
638
459
152
681
690
836
127
655
207
772
91
591
581
313
280
345
126
427
291
495
461
802
845
687
978
888
401
997
373
250
679
660
415
294
770
622
651
942
777
392
990
539
269
863
385
546
4
88
908
471
807
848
584
827
93
91
16
891
398
62
301
982
476
837
112
134
362
819
911
294
456
955
291
120
910
971
506
385
291
910
449
558
597
389
27
108
682
788
906
144
223
111
531
434
153
418
624
733
3
704
601
596
343
582
604
781
869
493
632
775
54
667
78
411
686
524
877
688
628
834
755
512
732
973
995
863
656
45
418
133
572
881
955
564
833
71
416
292
758
625
620
889
529
934
104
899
527
42
303
736
702
755
254
704
57
203
46
594
313
578
276
760
869
39
569
56
679
516
184
563
317
813
687
619
517
244
643
446
38
932
270
70
448
466
801
199
919
565
157
92
787
309
392
394
982
598
502
722
512
867
892
904
846
329
386
380
363
450
4
917
663
464
510
497
386
505
970
963
291
582
472
997
987
212
665
815
900
251
802
846
306
812
694
84
251
859
199
143
582
765
310
287
51
454
632
417
247
855
940
323
835
51
785
911
292
896
951
754
649
789
253
18
940
13
864
79
719
243
462
374
181
370
412
610
816
219
141
77
81
192
324
566
758
809
716
39
242
517
444
12
203
565
927
169
214
242
582
654
244
123
477
378
613
718
343
897
398
371
114
555
785
188
843
706
298
224
613
278
725
560
460
86
233
772
42
684
225
692
218
768
536
429
983
626
9
537
574
516
899
235
552
195
751
473
820
305
14
757
395
339
105
255
356
939
635
414
886
813
411
787
902
439
210
741
835
362
209
313
5
139
351
219
455
562
186
733
4
212
949
26
504
365
300
630
761
499
671
844
601
885
501
13
883
59
135
523
264
214
387
349
946
465
252
691
932
684
644
673
936
125
240
703
588
20
993
578
361
110
514
116
780
669
271
416
423
504
760
131
989
74
585
77
22
114
703
348
471
453
9
73
667
373
605
470
300
549
43
421
836
584
651
720
885
73
951
429
843
238
80
202
271
424
681
411
414
299
969
336
393
265
551
606
838
50
791
727
70
672
672
264
543
729
572
854
782
255
396
700
298
607
866
474
735
881
204
228
893
763
812
715
521
189
874
438
303
674
169
488
154
174
373
331
783
938
916
232
852
844
424
872
555
467
41
928
567
759
90
445
42
170
965
21
963
331
293
39
170
806
13
10
76
901
398
940
809
752
864
198
21
998
216
22
187
648
642
914
530
39
903
926
336
35
950
411
271
786
345
316
222
138
601
246
695
224
542
110
937
48
162
838
39
200
310
563
969
928
817
602
311
600
151
950
369
92
311
185
998
760
729
425
24
388
182
75
904
481
775
624
794
410
792
167
474
990
437
563
632
616
187
169
805
585
512
521
724
980
944
646
482
178
659
738
597
470
490
269
441
795
115
242
497
400
921
907
70
605
651
174
208
955
111
579
754
432
140
659
187
971
878
565
523
382
27
847
738
746
180
420
483
844
449
552
344
133
612
390
958
507
168
745
850
766
314
937
819
30
682
833
562
221
702
362
150
978
264
696
675
567
255
462
941
181
6
222
208
827
703
461
663
638
17
811
285
729
32
723
791
43
451
758
734
309
149
768
944
885
908
623
339
854
320
831
623
362
133
792
206
81
827
406
794
831
324
392
833
134
717
640
995
930
217
518
374
201
496
197
656
920
989
798
562
752
32
0
603
27
345
41
48
423
241
508
407
360
918
952
112
198
692
913
902
571
73
98
218
428
147
845
268
771
787
195
289
758
346
957
494
574
856
427
132
310
463
358
14
327
600
908
157
320
897
747
501
444
589
32
27
88
490
300
988
25
484
855
614
42
17
52
522
958
436
71
42
559
385
818
766
289
961
990
990
497
77
201
913
590
326
270
896
704
37
198
500
767
95
624
702
660
697
569
355
946
287
843
385
745
439
69
111
321
338
114
383
272
704
524
711
460
824
580
953
35
965
129
28
425
387
903
671
528
124
652
696
863
962
638
986
161
5
933
119
791
801
239
748
242
829
247
511
309
203
637
388
428
188
168
921
935
368
918
230
609
457
374
273
343
582
787
103
418
308
138
816
322
749
50
474
343
725
283
652
579
61
268
954
711
164
623
764
857
134
394
378
703
70
340
762
795
272
923
286
556
420
100
903
279
254
561
580
58
586
49
931
411
499
484
446
708
984
850
191
524
768
174
375
272
349
330
887
494
159
620
222
377
848
817
106
183
15
458
191
428
780
281
821
495
917
420
313
667
250
425
509
773
786
983
988
646
982
234
624
135
143
294
132
266
121
71
861
957
431
794
770
637
834
55
912
526
37
77
163
905
948
302
511
209
231
455
823
949
495
760
513
622
776
217
716
170
700
360
660
74
182
807
984
7
849
241
115
453
423
864
266
916
350
126
992
751
500
364
538
649
451
648
860
653
970
815
44
298
121
263
497
685
774
642
929
547
444
634
236
131
73
723
119
599
63
788
100
963
457
160
121
284
784
558
520
141
837
692
268
394
924
265
126
391
170
194
453
190
333
478
297
303
337
740
656
161
355
94
938
209
431
819
457
81
948
798
416
774
929
295
295
706
982
123
853
68
352
108
809
238
390
661
231
166
519
665
226
958
959
437
933
374
722
59
314
51
678
592
722
864
995
881
719
689
594
529
694
123
864
578
994
941
774
853
704
971
67
443
371
960
121
276
615
30
989
263
293
242
266
625
851
32
707
259
36
861
979
254
494
270
677
873
600
917
903
734
700
629
678
853
389
796
524
846
337
915
880
291
84
350
377
671
248
222
455
32
61
555
971
277
761
665
48
786
540
831
943
326
304
948
626
98
0
246
548
25
266
529
958
440
480
660
560
783
589
588
210
360
264
1
331
819
150
616
925
332
256
342
958
53
127
350
114
215
238
700
57
477
508
576
326
127
730
988
872
31
695
963
339
165
635
442
780
988
724
287
887
903
231
570
689
591
93
625
275
687
163
621
416
422
391
826
771
201
18
165
657
918
225
57
944
349
243
292
565
4
88
569
4
912
955
717
16
652
803
427
860
881
837
168
918
375
119
11
93
681
538
115
418
265
155
294
841
729
9
845
475
592
733
224
136
540
271
956
585
652
651
736
323
651
376
44
720
675
586
147
515
886
137
966
42
548
886
824
534
550
244
685
162
431
251
76
424
284
732
335
699
640
923
711
613
825
737
356
971
296
944
403
2
315
769
238
303
272
157
620
751
866
809
936
297
909
840
692
282
944
250
350
83
568
225
996
76
341
656
673
180
583
135
65
419
420
636
629
473
561
668
475
610
19
438
465
760
162
611
639
44
192
979
735
76
419
942
22
736
981
745
6
320
386
318
703
829
274
297
211
841
83
355
654
333
61
107
582
515
854
795
508
901
12
899
344
200
299
173
255
66
30
308
361
936
554
588
476
73
728
766
944
662
337
651
574
936
175
868
917
261
183
951
353
33
300
951
179
576
71
388
531
488
93
934
637
278
263
761
514
820
517
162
280
245
657
753
690
230
51
437
372
739
471
729
192
815
281
71
119
748
529
416
439
711
838
627
750
147
628
510
735
325
423
684
280
605
756
170
638
615
629
765
471
655
312
145
562
567
711
554
435
391
510
370
546
801
626
515
534
505
426
791
135
65
685
978
143
778
603
586
43
288
35
391
618
984
321
975
163
808
175
390
919
190
210
333
248
945
961
36
203
784
197
750
944
693
667
626
315
865
721
467
812
784
26
433
952
747
45
141
701
119
473
759
513
315
142
728
29
821
696
313
376
892
800
967
674
972
371
996
705
447
938
815
211
347
349
207
376
461
68
276
935
978
580
453
208
650
774
593
417
618
337
676
455
869
803
901
517
413
95
884
505
643
458
938
879
31
782
764
122
691
901
733
367
791
299
65
211
898
416
458
777
248
754
564
644
903
491
530
870
586
351
751
677
23
402
584
765
284
585
110
414
793
518
975
83
777
180
940
485
92
623
311
567
364
757
391
524
342
881
15
407
753
91
758
939
359
188
153
806
607
120
290
773
374
34
289
594
651
137
120
878
427
496
643
175
337
932
982
273
532
498
253
237
472
778
330
664
450
32
273
162
547
853
359
41
882
773
204
108
489
295
189
665
64
974
539
276
408
790
131
971
9
550
805
676
837
551
430
518
857
264
587
176
742
138
63
967
730
527
78
158
286
110
319
563
105
551
961
220
454
98
834
374
3
138
54
781
250
485
332
58
567
756
932
971
75
594
594
196
804
532
86
268
437
612
815
452
485
530
506
688
19
502
634
592
803
794
680
251
790
492
418
489
524
300
885
778
364
353
148
142
348
793
521
20
794
747
983
391
733
617
527
863
678
326
976
940
874
954
868
294
250
165
692
435
799
638
727
268
535
9
90
966
249
364
91
585
220
766
325
811
14
626
264
877
614
169
502
579
189
475
16
193
51
141
759
530
784
237
569
172
469
139
161
619
662
402
799
939
786
651
184
171
348
95
672
876
798
228
546
717
484
357
413
708
717
17
749
201
691
471
690
682
40
50
642
532
434
225
197
590
552
747
844
364
533
280
988
899
802
537
480
452
497
464
359
455
473
368
604
340
874
77
641
419
946
19
286
830
331
218
856
994
206
332
764
949
605
130
218
611
869
329
27
925
872
267
598
429
405
822
503
997
542
613
96
970
777
515
681
996
653
155
968
469
489
332
980
298
151
988
536
728
305
428
230
458
98
369
776
542
489
50
733
104
448
708
290
177
18
623
762
777
944
111
607
631
56
577
673
587
845
989
56
678
656
688
708
850
151
822
405
774
513
459
886
179
642
845
564
173
395
407
100
110
452
113
960
330
571
605
44
759
120
983
723
415
64
721
480
593
943
226
973
667
256
402
744
637
69
787
745
536
522
710
152
778
340
910
890
469
569
147
402
197
707
132
677
241
981
939
928
922
376
379
733
333
309
275
218
872
141
818
7
544
136
0
410
204
421
177
609
660
223
671
585
798
35
933
320
693
244
173
31
77
310
515
204
188
960
19
692
242
735
627
62
985
958
639
840
704
981
860
771
22
5
266
774
803
600
350
77
636
828
147
250
71
543
784
114
397
973
803
746
739
754
707
365
624
865
905
447
627
709
106
827
182
240
221
231
101
495
521
468
958
798
275
601
937
282
256
573
937
121
120
34
528
113
751
819
929
477
643
726
510
488
131
898
613
748
212
615
707
796
270
940
680
605
267
23
49
773
123
431
620
461
479
648
538
152
565
822
705
821
161
683
807
489
889
519
753
402
415
523
955
664
651
740
156
983
409
565
165
912
240
115
238
653
80
101
170
113
105
9
849
436
860
102
893
508
779
625
262
467
442
869
767
697
539
516
194
199
248
802
912
998
600
747
203
493
493
295
846
677
777
446
597
716
295
365
903
51
347
616
621
663
544
57
144
380
216
700
735
812
26
331
940
597
490
47
141
478
933
386
522
943
412
375
25
589
471
224
883
22
407
396
679
213
608
207
764
604
125
975
155
221
682
552
38
690
124
168
747
909
472
267
121
323
82
395
181
653
315
521
176
448
402
473
243
80
372
454
606
299
240
316
351
599
33
994
808
951
805
702
281
846
56
77
420
519
301
629
197
459
859
240
941
706
759
989
99
69
836
982
559
787
95
484
392
528
911
845
886
844
870
768
317
669
853
794
718
175
445
560
612
917
330
855
59
294
888
273
335
782
584
198
371
3
838
180
390
228
560
607
32
547
797
493
517
861
630
622
275
447
998
170
789
848
555
173
68
944
497
100
518
811
970
668
745
918
905
744
902
79
879
748
386
661
473
208
635
880
187
118
472
716
43
568
776
532
829
417
751
849
291
411
74
836
808
367
428
524
169
464
751
32
98
321
831
551
883
437
557
689
205
235
922
273
441
461
244
653
144
818
170
300
22
514
242
618
770
378
665
473
672
802
127
142
18
655
847
6
304
674
890
155
500
243
138
533
201
752
685
761
156
718
684
935
812
678
272
674
791
854
572
589
887
314
968
574
21
928
77
83
482
689
431
93
109
460
754
964
788
363
395
21
157
948
327
263
652
320
981
863
125
14
178
403
856
576
433
132
906
777
32
316
855
533
5
699
388
492
472
728
884
286
419
515
890
562
760
30
533
209
51
93
793
9
175
391
809
981
781
806
337
577
182
659
537
633
380
371
902
896
708
812
613
24
689
543
727
972
705
334
664
637
944
416
803
975
590
60
937
351
983
366
255
874
162
303
768
344
565
125
292
990
774
941
915
867
16
60
408
650
114
217
549
318
681
833
304
291
660
474
741
937
850
532
573
444
385
904
829
916
945
522
173
449
646
274
344
394
632
974
317
12
300
266
293
46
416
519
344
644
633
610
567
608
644
376
547
859
507
1
676
174
157
99
55
525
591
239
97
832
297
744
834
995
722
180
348
977
432
179
295
434
809
222
894
66
514
519
857
341
497
243
341
361
121
305
304
669
744
105
734
886
279
186
109
666
269
749
490
257
81
195
975
523
771
210
708
176
468
916
465
525
691
454
625
138
376
420
0
730
686
192
762
611
38
215
737
687
810
697
543
643
897
300
643
744
220
309
679
631
411
512
385
197
874
627
423
250
304
405
702
134
689
858
609
718
27
937
112
99
197
449
135
880
391
360
177
905
617
865
774
654
942
822
15
453
95
278
595
139
657
19
939
354
798
343
73
105
436
570
391
501
546
117
794
670
733
695
847
798
179
826
186
322
725
524
690
129
650
651
517
769
997
91
701
971
610
724
756
691
73
405
513
389
495
315
301
622
844
577
384
911
810
632
449
284
55
79
151
382
900
321
340
15
990
405
200
929
850
146
469
865
362
22
772
175
248
699
371
779
774
0
694
542
72
990
21
962
981
533
255
559
347
946
162
701
864
112
29
129
820
32
707
28
902
678
326
317
411
183
398
403
862
821
237
95
921
806
185
459
233
1
361
554
716
925
379
171
531
669
964
117
241
939
119
568
521
173
721
108
561
887
891
378
716
439
836
112
874
551
197
572
766
528
882
960
657
417
186
4
144
380
882
842
454
710
976
335
466
221
263
218
801
389
974
804
969
844
657
151
701
166
256
631
260
755
987
599
867
378
222
810
803
8
735
205
989
994
527
449
500
371
464
491
442
9
94
420
488
768
219
916
139
891
101
432
674
667
14
152
539
524
481
692
284
920
153
17
38
49
100
877
607
255
691
921
839
436
947
883
720
454
589
25
974
611
577
980
917
57
379
765
241
72
941
939
893
302
409
799
324
778
757
949
100
208
497
826
30
539
155
736
598
397
630
501
436
809
905
98
579
181
374
738
267
535
149
425
406
451
189
665
22
807
820
771
318
892
371
376
72
337
616
825
122
770
894
700
780
720
621
949
58
128
945
478
730
488
775
205
320
658
520
183
482
24
662
57
87
162
714
118
231
7
302
115
961
786
198
958
214
429
411
486
35
876
651
454
148
555
356
503
618
426
886
264
86
630
890
801
287
283
356
949
133
313
717
766
991
790
901
468
739
263
325
717
570
321
859
480
29
850
51
420
347
839
975
515
333
303
350
886
714
664
265
693
61
466
773
681
183
415
943
411
888
44
747
427
542
712
674
804
943
255
215
35
246
552
623
726
799
57
822
490
458
729
116
977
945
715
111
653
132
33
643
198
351
430
570
153
900
776
960
217
826
882
825
498
31
263
973
606
374
812
400
225
302
507
735
561
490
369
114
791
520
340
537
339
591
777
58
204
962
283
122
889
892
699
302
791
173
483
759
590
17
138
626
577
245
408
449
346
30
83
849
200
589
629
936
6
341
534
305
508
515
664
728
246
140
279
952
699
392
894
297
157
401
857
313
637
33
255
712
220
769
532
370
99
316
454
82
396
861
665
50
980
667
805
625
647
499
908
327
160
303
278
738
233
781
480
630
524
612
533
235
679
920
551
483
311
816
353
891
167
861
893
68
490
716
196
862
896
495
824
349
436
625
180
602
255
421
576
795
275
704
449
871
489
313
811
310
153
542
748
330
287
937
276
954
190
443
551
200
978
183
860
464
647
391
34
729
650
541
183
834
239
118
243
350
676
174
216
906
587
654
795
91
337
705
677
67
693
819
32
649
638
821
422
530
419
411
440
586
770
185
253
864
16
857
614
68
77
760
194
288
775
500
200
889
402
38
941
899
231
788
376
466
648
349
297
345
805
553
299
494
84
746
502
912
304
935
825
135
472
209
535
528
505
301
965
633
66
628
172
741
297
447
355
676
484
95
271
566
697
219
665
291
624
68
876
826
281
630
666
403
672
443
522
575
621
17
434
211
946
794
609
158
92
230
706
66
955
906
680
333
682
6
374
241
103
40
401
492
239
533
163
388
897
888
438
468
458
492
176
979
242
382
530
774
975
114
142
19
47
373
478
153
232
737
902
578
638
968
220
467
292
991
633
987
356
580
842
463
383
413
318
685
776
646
15
140
214
182
891
481
282
763
12
218
433
903
595
511
306
656
901
291
504
587
880
34
151
688
452
892
992
261
912
862
677
175
995
825
248
608
871
369
964
986
416
447
67
419
892
40
715
609
824
442
473
480
127
223
450
459
902
146
612
956
13
168
684
472
525
292
542
137
146
888
262
496
79
583
125
37
780
231
296
695
13
163
908
316
780
193
910
699
822
802
677
588
752
65
880
859
990
848
611
640
285
228
847
141
320
281
289
370
811
91
990
950
305
412
880
459
895
234
952
909
108
350
706
708
667
551
951
845
208
234
657
187
504
950
259
761
813
635
871
32
847
856
554
919
184
812
721
578
733
208
488
533
449
784
38
872
559
183
576
361
760
725
736
966
970
635
278
505
703
499
303
346
923
874
132
226
285
618
271
768
998
789
313
842
988
536
839
31
656
42
592
261
800
66
73
393
206
655
449
480
434
612
294
292
752
524
757
619
356
656
155
601
866
258
501
770
974
437
172
377
975
839
283
331
21
378
823
355
27
69
67
74
396
15
605
72
233
890
968
77
44
896
551
973
392
299
172
719
218
422
969
134
872
707
904
365
934
25
632
685
476
57
344
220
960
228
633
40
783
352
207
153
477
329
587
787
943
757
208
150
627
661
437
26
259
404
884
480
431
168
236
256
505
474
27
566
67
652
866
111
653
578
378
570
444
881
319
502
775
457
884
333
432
522
729
856
84
509
667
118
271
364
617
713
976
482
895
902
474
873
33
341
204
925
656
613
166
961
970
565
44
682
916
770
784
183
181
182
506
599
574
810
595
544
223
483
908
269
755
864
27
970
274
280
539
257
766
348
122
139
151
548
690
308
660
993
737
957
267
520
127
645
667
90
451
234
598
91
807
14
417
439
732
438
333
831
562
48
400
826
707
540
847
605
818
281
747
438
496
361
613
891
837
405
823
261
322
28
407
726
40
623
773
967
332
476
42
32
791
686
32
779
271
450
780
154
91
765
405
535
89
832
668
352
916
782
372
273
474
345
941
589
704
24
655
827
1
447
338
233
486
731
53
21
172
456
370
975
672
791
550
642
693
418
386
808
592
562
224
892
993
18
114
503
519
629
914
777
559
729
257
94
842
411
967
458
375
747
873
351
84
111
396
768
915
542
970
194
45
859
524
708
439
390
203
95
246
242
914
745
970
142
914
163
252
445
138
410
754
315
218
929
203
72
527
916
945
663
686
694
385
644
964
380
70
408
362
518
386
883
840
916
837
579
947
226
447
858
793
324
282
607
340
896
924
789
624
788
556
851
200
608
34
600
486
695
129
529
688
376
911
53
40
216
580
150
469
440
343
561
837
530
277
950
943
897
652
170
137
352
242
305
243
789
376
28
416
693
467
499
368
861
398
436
960
141
971
856
745
373
296
890
37
170
494
668
12
126
131
876
672
318
433
112
529
77
147
720
250
305
260
491
57
102
748
316
987
794
664
579
60
537
911
204
326
819
157
248
891
3
582
735
556
114
674
734
909
231
175
696
991
605
134
798
266
787
178
64
916
913
968
860
148
169
568
872
435
706
613
42
92
656
118
898
486
926
531
542
379
313
839
728
348
701
424
537
895
588
786
335
752
57
393
41
199
140
391
522
770
367
895
609
962
376
461
119
902
104
123
274
848
691
831
550
638
328
985
615
42
877
107
858
257
169
237
176
244
202
381
130
737
999
637
225
241
596
78
497
253
279
175
314
662
685
427
683
113
765
916
67
963
43
647
574
99
843
650
489
12
397
572
775
758
377
482
345
973
521
89
526
555
171
37
550
220
631
548
348
836
816
194
635
1
839
966
210
19
605
879
210
412
236
643
670
990
3
814
579
36
827
157
613
366
559
272
820
724
834
479
928
321
596
480
336
814
650
21
923
825
125
155
693
853
312
277
678
701
973
892
841
186
78
104
911
312
589
396
353
785
294
769
532
642
811
243
72
705
643
689
65
572
77
1
833
131
524
423
495
607
856
455
961
187
175
213
705
930
852
601
884
49
636
622
370
429
728
686
219
752
439
365
746
239
255
412
626
296
556
525
545
794
835
494
647
933
974
607
784
731
45
258
855
554
800
966
699
854
885
605
371
276
276
900
318
753
872
26
137
336
228
270
931
645
417
289
609
513
783
62
894
878
109
657
231
852
861
448
542
557
744
408
747
621
382
148
412
360
836
156
777
858
766
486
542
549
933
552
675
721
177
645
226
175
998
775
559
936
923
772
769
274
68
72
663
543
959
486
971
213
842
186
227
742
285
747
103
447
911
934
522
174
6
72
382
875
645
715
76
848
411
812
706
932
788
997
496
8
681
648
462
547
859
764
601
560
968
462
37
403
683
259
392
332
267
195
968
563
110
682
755
426
851
313
957
806
922
796
149
893
52
610
29
470
343
265
596
149
506
121
574
860
635
124
787
558
209
171
807
309
666
390
656
573
287
258
176
925
344
171
389
241
25
164
251
140
874
878
706
616
530
854
35
382
21
115
772
806
1
902
329
860
852
479
296
714
187
302
697
972
194
388
499
46
285
818
602
290
876
564
312
736
880
628
318
175
259
443
830
509
241
736
807
613
727
637
538
51
186
327
236
623
686
208
993
504
224
840
170
402
271
543
884
367
44
796
292
558
561
471
70
980
768
30
212
920
253
888
424
705
713
449
19
876
712
946
775
837
933
887
306
763
510
956
994
975
534
966
821
183
279
560
558
85
79
882
913
765
884
237
309
622
9
867
705
330
199
480
430
149
841
979
413
233
143
397
103
36
608
414
979
364
305
338
425
337
216
130
700
740
831
669
397
291
610
334
272
989
38
414
675
825
677
790
927
946
483
341
572
1
13
54
34
631
92
867
694
100
216
148
910
994
745
779
65
615
214
607
539
902
123
279
852
641
416
500
446
537
290
864
465
417
932
671
906
23
769
715
558
894
91
433
859
142
275
977
867
68
148
634
135
423
123
670
302
383
293
878
235
551
654
358
401
840
804
634
374
478
459
493
319
7
795
196
897
908
993
306
853
553
327
464
445
599
729
565
394
306
908
473
512
311
524
768
778
358
76
315
811
776
669
251
701
779
825
755
711
684
910
826
522
235
308
152
82
12
973
983
897
986
466
469
294
574
125
736
319
402
578
424
83
499
251
821
795
979
262
518
741
137
349
837
618
104
110
624
604
685
468
56
826
191
531
106
986
922
677
776
629
460
548
22
572
174
675
573
99
233
837
42
509
765
35
431
918
777
708
556
290
657
513
40
735
276
373
21
758
741
178
24
925
33
669
976
436
231
397
245
357
157
982
145
86
727
107
200
721
300
352
349
346
102
4
635
830
621
687
607
902
293
616
208
270
831
259
153
958
89
746
338
73
755
518
372
767
433
630
919
680
102
736
625
248
675
919
762
290
83
946
25
539
716
960
895
288
621
301
694
173
546
334
924
285
671
221
544
756
891
379
882
914
48
23
202
690
114
132
567
402
472
455
238
156
346
964
488
558
230
896
665
82
820
959
964
438
922
240
278
790
609
595
458
895
101
361
632
794
639
973
943
110
551
108
769
606
801
827
451
837
546
945
759
977
315
824
750
312
318
291
833
298
257
22
354
778
593
525
507
869
163
387
169
493
938
11
311
881
438
11
998
828
943
231
924
120
932
708
670
956
471
9
535
918
157
618
802
419
937
992
363
306
536
670
430
238
184
423
122
289
456
369
6
433
655
42
480
41
177
828
668
245
613
231
64
553
817
458
19
333
360
963
889
85
510
502
732
819
957
98
270
2
80
617
318
228
507
443
388
166
786
98
170
660
638
445
973
200
249
670
440
536
227
452
638
192
950
679
623
335
717
349
575
260
906
862
465
80
225
978
535
714
658
709
656
897
901
362
113
896
612
37
188
162
221
581
932
824
557
689
668
969
546
165
235
460
642
38
322
902
651
67
15
724
242
838
295
101
784
497
362
73
132
378
320
787
696
516
718
597
385
950
619
764
22
201
231
168
62
284
479
667
230
568
695
807
422
166
852
624
609
477
99
434
750
516
343
375
460
251
764
314
133
761
498
212
539
384
816
342
680
951
645
63
806
500
69
458
392
192
449
831
389
234
79
783
738
299
431
827
373
378
365
433
562
522
558
988
418
491
102
968
732
959
707
550
259
359
860
779
832
361
951
563
221
728
216
132
805
396
946
894
370
232
801
437
930
399
535
864
627
897
61
168
181
953
48
757
4
748
141
675
710
881
187
923
578
944
656
476
759
587
538
128
689
154
744
690
701
56
617
883
745
982
121
713
915
434
250
945
554
173
579
289
432
163
470
358
526
7
682
16
581
396
311
29
574
704
666
868
603
408
451
387
82
148
756
896
109
493
688
811
358
768
406
569
323
904
882
684
744
389
433
655
234
880
740
612
912
209
884
980
65
391
977
891
710
601
494
419
362
592
625
7
755
687
606
742
83
920
964
849
391
338
150
981
436
657
310
262
720
57
403
115
683
404
804
594
294
641
914
642
242
790
431
581
576
412
199
150
959
279
187
186
699
189
819
836
234
454
934
726
630
678
404
2
512
205
475
854
912
650
533
105
584
923
644
547
469
855
416
60
951
383
660
924
714
549
133
562
833
584
626
173
762
876
819
103
875
582
105
2
90
405
943
377
639
184
373
498
253
243
971
275
690
11
733
363
838
524
794
232
746
955
572
341
358
754
364
183
486
228
143
159
226
663
609
585
520
868
277
873
477
179
850
606
641
112
854
440
646
87
754
645
511
706
9
209
88
452
95
370
509
611
29
6
346
600
930
740
724
209
456
93
171
216
832
250
905
300
364
326
170
128
598
821
331
964
197
110
306
658
293
200
7
618
448
399
474
917
66
250
83
34
268
816
623
391
933
960
882
6
237
967
578
111
150
332
294
451
79
931
583
956
874
898
666
503
170
974
801
250
660
1
46
821
375
264
552
563
713
934
181
658
568
342
543
551
642
263
423
61
403
963
483
630
595
505
256
615
938
642
662
804
753
927
131
543
238
438
252
141
205
551
232
630
435
104
530
982
126
623
989
625
502
607
92
107
926
419
311
953
175
579
623
968
265
724
966
990
819
110
672
157
776
958
563
335
800
142
305
826
983
348
40
693
895
502
701
431
478
38
76
394
378
202
958
729
481
119
122
692
749
558
413
999
532
933
510
936
669
223
451
91
555
601
663
867
865
877
519
366
573
21
842
45
16
122
703
542
221
361
675
992
540
783
29
675
15
114
474
537
26
167
353
634
672
267
269
611
4
428
155
343
239
473
32
968
72
130
841
660
396
204
571
410
958
634
958
438
109
417
503
824
249
664
426
920
629
678
215
193
155
722
572
25
753
231
886
490
826
729
661
233
152
100
626
195
742
877
433
258
574
812
213
157
626
796
672
25
352
181
173
233
885
822
618
202
653
368
228
491
232
97
715
836
706
434
562
325
660
112
25
985
537
526
601
950
678
768
170
909
22
118
258
215
413
818
955
551
942
206
940
165
702
32
962
901
697
301
822
697
857
789
364
778
256
75
209
974
584
473
553
287
508
760
78
795
84
771
335
336
79
882
762
725
878
590
463
115
687
409
51
313
737
323
916
620
377
998
507
299
639
679
824
13
519
82
648
643
656
44
197
316
443
763
188
934
841
699
800
896
889
179
992
627
792
691
890
231
403
562
90
160
513
161
427
486
110
23
868
993
587
313
107
315
424
169
788
615
694
753
98
263
832
153
151
358
453
13
697
630
796
544
457
566
621
560
352
452
116
799
535
922
309
808
850
134
297
275
670
728
744
814
923
229
170
471
765
783
144
412
398
900
526
639
912
79
99
818
35
482
944
637
87
639
996
591
767
336
620
903
800
658
490
851
190
713
832
153
924
588
728
453
615
38
568
836
868
607
161
597
206
251
370
543
655
171
318
308
249
531
869
497
835
43
100
908
817
548
226
630
162
706
101
660
101
898
223
615
758
368
851
882
47
314
314
57
790
887
491
771
683
256
826
232
21
435
437
620
900
315
241
41
549
680
426
720
310
156
880
666
336
361
741
37
308
233
907
34
326
789
293
262
978
21
643
806
204
382
138
470
763
680
131
340
726
148
547
302
912
689
736
144
717
556
893
803
802
899
320
403
907
456
903
928
693
344
989
106
180
137
11
548
551
14
170
175
888
999
91
427
226
567
851
566
520
63
569
596
905
188
265
530
175
972
4
904
411
933
829
202
867
982
403
281
151
842
693
865
644
748
124
209
104
496
812
233
591
452
699
82
769
408
814
766
338
101
723
47
67
422
533
392
343
487
468
843
163
711
762
915
301
690
538
728
638
175
293
998
85
275
587
500
137
565
330
148
41
94
583
44
270
818
858
987
707
136
631
182
127
845
36
946
264
606
439
897
658
257
391
450
225
291
462
368
42
579
352
237
691
349
874
42
95
985
203
103
183
386
429
482
458
358
931
445
169
925
157
296
271
701
826
129
150
893
829
193
683
358
727
595
974
318
747
703
821
918
846
698
599
998
899
171
941
841
424
82
575
88
130
332
809
516
190
512
301
84
468
718
716
270
394
977
921
204
791
654
233
60
735
515
274
381
727
293
533
671
375
431
654
289
135
477
970
897
965
877
144
168
170
532
10
783
931
176
684
917
81
511
42
931
882
722
584
365
231
828
370
649
949
403
18
318
174
42
787
478
123
682
790
424
844
2
414
289
43
656
580
397
638
372
41
784
729
847
387
124
740
455
972
239
152
602
682
787
66
837
613
104
582
22
95
90
843
970
182
567
58
100
151
964
653
55
300
918
766
79
601
117
29
475
446
479
383
615
137
617
326
861
579
983
36
717
443
973
475
512
307
368
703
783
910
93
609
65
353
948
927
161
284
321
418
977
462
554
558
751
719
65
967
209
24
690
80
333
171
989
565
228
737
709
81
706
456
834
5
96
864
431
982
568
71
37
894
752
2
785
661
710
180
782
372
831
367
911
867
48
340
601
510
889
961
588
963
708
175
465
197
198
815
843
590
261
334
784
326
947
52
664
627
858
554
242
903
164
172
819
389
871
750
619
940
394
85
716
928
509
673
1
576
385
941
226
807
74
791
752
767
212
157
217
641
290
804
468
336
26
217
603
237
225
968
863
712
704
772
455
66
781
775
669
697
309
291
551
362
716
109
238
396
142
412
520
659
242
499
413
102
282
730
367
812
769
430
632
892
140
437
214
682
25
5
148
408
145
407
215
376
417
939
297
630
264
344
448
445
209
939
131
420
556
540
78
972
725
365
879
939
292
41
529
382
168
33
21
324
682
442
117
477
434
128
423
594
517
137
634
218
94
854
6
756
722
290
744
964
562
548
720
621
859
841
503
409
946
921
926
819
641
749
18
985
387
719
7
863
473
793
802
711
974
647
294
384
779
789
289
387
631
788
438
694
389
628
9
810
737
80
54
984
557
196
679
953
996
584
773
898
334
354
640
448
86
917
86
461
802
769
952
769
9
839
809
276
607
271
344
68
936
610
95
520
546
50
995
64
546
474
811
532
568
850
551
232
379
810
671
782
98
287
863
885
554
287
262
411
167
279
374
877
724
834
516
794
426
894
844
262
960
739
535
775
79
528
516
772
373
168
481
42
514
979
346
153
529
133
196
658
941
294
65
821
964
740
57
276
912
214
180
174
14
42
62
927
440
795
150
627
714
354
209
112
114
511
16
732
99
362
973
650
254
336
730
792
690
286
994
706
450
135
725
378
946
317
921
564
386
794
866
481
533
554
791
293
823
108
766
834
290
556
457
634
406
833
473
885
667
911
136
785
939
376
764
857
774
234
901
190
806
956
132
979
677
684
705
825
698
106
374
448
553
364
42
796
848
715
307
27
919
573
685
300
787
596
358
489
190
150
933
223
407
46
66
531
675
74
665
565
364
477
540
637
191
509
205
50
578
265
263
135
242
825
702
579
748
723
951
740
990
839
659
734
320
405
643
767
571
994
977
959
309
738
26
733
388
293
635
744
854
535
95
90
543
809
702
600
294
6
650
714
636
281
344
472
672
785
568
319
720
343
319
419
780
784
856
352
740
55
804
134
94
436
722
957
540
732
713
149
713
311
216
940
246
347
749
72
965
678
370
304
335
599
138
176
465
998
355
702
758
755
635
142
666
754
591
664
814
129
612
631
683
101
45
10
154
492
746
9
807
687
702
996
577
948
794
542
387
591
699
962
754
138
795
338
884
10
253
394
623
139
888
576
790
863
867
7
690
575
120
535
613
474
68
216
974
823
121
286
914
91
478
569
597
450
490
712
860
715
463
648
107
52
252
378
132
873
656
85
854
733
420
212
647
481
553
721
646
422
983
81
713
666
337
162
834
332
553
793
852
945
27
463
78
382
968
368
200
701
957
469
497
931
351
45
984
476
854
667
413
232
499
1
970
80
184
647
182
301
472
499
643
320
914
352
227
612
557
679
731
238
696
626
603
152
652
910
965
225
371
965
411
313
946
739
500
365
552
202
251
367
543
424
111
40
931
565
707
664
899
546
247
322
341
168
772
64
835
484
324
660
429
886
662
794
963
730
401
562
200
219
694
776
585
73
972
910
997
704
11
718
503
2
433
537
760
930
742
5
726
17
719
474
97
72
690
703
617
469
744
124
282
33
727
935
137
60
300
444
503
969
798
590
176
862
669
298
446
792
18
303
756
812
448
872
154
840
717
719
777
546
889
82
200
451
577
489
679
980
656
298
869
835
739
687
227
981
558
804
603
691
942
442
501
676
234
616
144
325
399
419
305
152
66
575
133
300
127
925
377
332
616
579
352
856
717
780
609
622
70
905
817
190
540
131
405
581
283
506
870
40
190
70
755
457
415
370
715
41
999
779
999
385
508
348
303
554
550
314
223
394
829
447
781
222
595
673
530
548
606
446
169
24
259
171
402
566
417
468
896
795
654
263
91
112
851
525
146
397
453
746
559
123
564
285
108
376
647
151
707
394
247
496
374
390
633
97
834
718
207
360
888
991
605
720
819
677
721
702
709
471
549
571
10
75
460
209
466
847
783
842
751
737
482
302
437
352
386
524
175
958
851
202
644
461
943
246
311
265
273
235
547
380
462
181
929
785
260
222
234
828
428
161
541
250
938
637
373
626
815
549
420
405
912
14
968
230
998
302
401
465
585
75
509
958
500
561
615
302
344
443
257
296
840
124
900
785
446
243
170
4
840
491
665
712
887
4
917
848
631
634
476
331
266
929
268
330
65
667
332
683
658
664
310
813
546
247
995
436
599
884
471
886
159
768
340
912
945
376
935
849
396
385
114
653
6
103
912
774
946
688
565
588
812
559
173
609
59
155
708
511
6
536
822
357
629
424
985
683
685
960
792
450
470
64
820
421
132
303
827
452
201
196
868
358
63
134
414
874
808
957
481
939
152
381
37
998
740
991
270
916
925
712
444
111
295
745
964
15
777
236
102
326
241
188
265
28
217
540
453
539
459
394
503
171
1
739
511
537
25
704
729
880
471
572
420
191
461
862
175
438
451
586
4
835
856
450
523
751
480
353
854
364
848
313
955
212
620
51
253
532
896
210
293
613
230
354
5
984
701
912
482
656
170
595
458
861
192
383
7
367
315
472
250
523
452
999
724
16
448
615
575
272
759
938
199
4
378
184
908
289
780
843
141
902
469
982
20
697
443
420
266
179
541
684
994
426
329
859
967
734
53
257
84
572
240
336
175
953
812
633
483
545
670
303
206
62
842
896
188
820
938
583
1
576
485
272
369
211
85
619
591
84
858
58
779
615
216
230
785
950
192
831
583
460
270
663
887
130
407
308
190
999
82
117
140
541
878
655
130
126
555
822
530
570
635
950
766
707
809
174
686
131
918
371
424
819
934
839
862
443
75
350
506
335
616
574
549
912
876
44
83
304
710
332
514
812
132
449
418
274
752
520
839
39
559
551
43
784
29
946
314
191
642
393
824
465
235
253
566
702
636
862
340
975
174
216
378
334
231
851
354
259
957
723
104
991
187
677
369
226
253
305
881
646
517
681
848
71
301
886
351
588
208
618
167
919
948
427
304
125
323
15
730
450
431
676
488
680
122
498
257
62
514
333
7
703
306
662
478
296
79
521
455
517
298
583
244
58
648
758
32
890
535
251
490
365
849
686
928
790
142
370
364
994
308
747
927
487
556
68
210
941
922
500
489
894
363
987
29
405
202
806
677
895
260
652
225
775
277
279
562
930
841
67
354
932
711
77
861
985
266
13
587
681
232
371
626
64
976
832
273
450
376
392
540
844
883
920
229
716
390
748
55
41
815
588
730
919
931
254
89
161
948
786
42
199
248
467
248
66
483
613
974
826
164
870
871
576
816
932
91
958
103
726
333
203
521
498
456
214
489
608
101
491
347
480
343
155
578
96
23
178
623
453
509
600
765
678
266
990
61
583
224
139
783
307
620
52
2
528
827
266
738
264
268
731
376
875
999
978
129
96
874
672
239
960
544
544
506
282
101
900
879
45
50
91
224
706
968
826
66
894
312
21
462
100
133
5
307
608
269
971
537
602
775
280
645
257
539
520
62
157
251
57
324
459
964
54
270
528
312
626
836
400
337
213
807
799
601
588
530
436
787
765
131
87
75
840
908
196
198
556
148
706
264
910
941
726
913
659
654
385
79
89
194
412
235
810
918
341
216
698
641
813
257
82
786
115
460
38
811
444
770
70
447
103
734
517
164
460
539
220
905
625
637
533
977
98
8
67
203
185
623
381
911
434
740
744
340
978
214
279
144
464
451
891
336
76
233
323
368
281
964
441
286
737
956
630
16
998
403
174
872
720
627
876
419
201
517
511
830
818
201
999
686
587
104
436
462
642
162
468
869
447
867
828
491
633
273
263
764
230
387
340
826
834
722
40
479
928
465
885
382
221
825
339
758
117
638
205
147
760
960
292
271
797
641
826
556
907
135
933
370
993
314
489
424
407
157
486
764
713
557
124
929
711
391
744
929
124
932
124
88
129
929
802
910
255
934
230
284
861
846
653
559
602
552
666
621
834
470
826
247
395
596
910
787
558
447
769
723
903
22
791
102
873
42
341
143
487
730
637
517
654
188
238
452
38
882
285
440
542
518
422
73
17
111
931
708
495
574
358
155
335
195
379
926
564
188
852
253
874
368
522
954
410
867
140
330
337
811
258
218
655
393
916
467
663
337
459
919
485
763
617
813
313
659
383
679
323
904
391
793
600
765
339
35
356
825
896
523
936
866
925
103
705
348
950
846
131
281
763
119
47
866
123
825
922
385
438
325
376
378
484
525
823
802
12
819
370
272
736
359
465
297
915
547
169
835
126
658
528
152
87
326
736
650
925
910
427
541
467
734
316
109
668
341
84
238
800
81
511
207
762
408
271
246
2
611
703
314
550
252
541
40
570
368
958
493
175
750
999
306
441
119
366
123
763
984
105
299
859
365
267
765
521
49
405
287
692
782
914
771
569
886
960
498
437
261
634
98
322
192
788
85
69
933
22
603
123
573
534
298
311
108
286
744
752
450
64
426
499
800
515
617
789
685
163
955
553
810
187
300
900
210
620
669
768
792
905
519
547
912
904
720
865
657
752
413
14
757
703
755
146
238
801
813
385
344
476
613
636
236
975
303
474
24
970
151
898
890
999
764
595
349
882
167
741
408
944
119
66
218
894
109
239
138
835
586
367
113
230
529
133
144
30
632
611
501
141
157
48
447
745
44
539
34
363
524
178
622
76
499
798
682
484
873
454
834
928
626
67
786
202
783
228
57
905
712
248
850
820
241
463
648
383
932
648
339
588
45
598
222
321
27
142
509
150
525
301
82
516
381
487
486
751
738
606
416
615
724
241
389
656
459
774
543
700
955
498
5
936
676
589
566
395
509
971
537
622
82
992
365
824
466
825
428
618
580
417
886
18
590
962
199
555
224
510
456
522
726
705
907
746
759
756
660
314
998
379
918
775
901
325
230
536
410
702
786
955
101
635
470
482
79
947
159
455
688
154
933
56
560
472
820
240
205
679
24
13
333
873
33
520
416
27
466
982
942
797
38
691
535
171
847
463
178
666
200
216
421
379
58
950
606
136
743
274
723
964
814
161
91
890
460
9
91
77
16
900
55
171
936
807
300
996
286
641
736
66
510
994
259
535
957
626
203
924
632
778
22
281
800
98
786
481
960
560
783
440
543
769
692
626
91
614
64
715
574
89
96
122
180
642
181
332
668
534
677
605
159
774
999
843
384
398
590
292
796
958
558
909
626
486
465
780
353
523
151
957
9
39
212
906
956
211
247
848
387
846
29
709
112
741
608
331
434
438
302
598
598
716
749
32
552
186
933
949
2
359
275
783
829
642
545
648
721
171
76
361
440
738
853
212
323
265
989
495
780
196
702
886
42
38
62
23
771
82
342
120
350
369
882
124
749
546
5
566
608
793
252
871
30
191
707
101
215
192
439
330
507
691
974
942
291
198
512
174
734
340
489
675
962
63
730
517
166
352
747
664
519
695
136
829
881
917
139
328
152
875
234
30
950
630
294
880
11
503
969
716
588
519
161
348
316
956
989
482
922
290
892
707
353
735
925
29
362
363
25
892
220
206
400
500
363
905
766
228
62
924
317
424
370
602
638
242
975
487
70
734
716
144
614
827
700
400
869
249
520
844
858
16
160
656
103
628
910
918
427
458
977
131
786
349
815
263
66
490
579
582
445
624
22
115
758
343
864
641
810
802
151
90
562
827
688
571
411
199
323
253
267
343
131
807
70
905
50
566
78
650
913
954
852
491
48
941
613
754
416
884
618
371
691
394
775
853
421
242
100
401
302
504
270
296
414
95
270
620
640
558
526
244
246
302
545
941
63
290
133
616
36
473
308
380
906
371
50
580
840
652
357
934
350
802
912
86
105
630
617
19
532
829
467
71
785
264
364
191
735
371
262
755
540
476
813
88
452
393
593
769
698
990
500
703
680
998
239
552
321
405
606
809
330
868
310
66
76
845
247
286
298
699
710
22
586
102
162
35
321
919
31
502
739
477
222
184
33
45
534
175
474
119
178
88
466
664
826
842
818
981
901
21
480
736
406
331
723
926
333
771
527
11
312
181
454
844
401
119
876
583
901
346
156
405
466
300
690
12
644
826
290
264
601
454
825
980
682
510
169
278
727
857
396
148
162
893
207
444
478
223
361
89
592
852
507
429
499
104
622
425
639
462
676
374
554
609
891
43
563
392
66
971
567
800
423
24
594
340
970
527
262
722
316
989
49
411
970
238
197
639
58
379
608
81
93
239
522
68
872
531
824
551
669
335
865
937
564
604
652
470
350
34
443
546
249
667
388
450
454
973
498
530
64
969
130
342
507
139
662
777
202
722
579
397
314
218
471
138
170
711
36
943
429
650
561
245
336
590
570
310
440
942
637
293
391
45
124
614
846
266
466
45
118
48
180
785
503
869
104
931
462
589
392
781
473
739
373
201
371
217
273
198
323
664
977
702
509
655
70
327
142
148
646
262
503
918
352
698
403
365
788
723
375
362
434
787
190
597
299
151
485
557
312
510
363
746
992
950
623
662
78
342
526
105
305
505
342
492
807
837
235
373
383
194
696
449
791
293
704
829
671
834
976
307
560
692
373
350
148
978
570
858
520
904
345
108
747
900
693
569
484
90
906
202
423
450
674
231
271
33
597
600
989
306
928
287
588
785
977
304
866
647
309
308
372
163
232
210
296
936
396
76
756
125
490
542
833
992
638
625
43
415
125
916
100
103
38
432
970
467
664
803
180
3
89
679
938
191
979
344
832
25
59
908
276
701
999
509
140
136
741
21
174
411
862
775
327
925
903
726
280
932
153
249
794
594
649
924
185
552
361
231
11
722
387
996
322
772
599
555
215
144
530
638
23
456
945
249
354
457
827
502
546
229
69
896
542
167
172
545
229
445
716
144
476
659
792
936
489
659
664
496
861
788
505
351
415
613
911
102
162
616
312
54
269
862
793
823
270
748
169
381
913
893
474
61
258
432
199
932
195
470
961
407
962
413
116
787
841
301
724
465
316
205
503
814
22
144
169
202
990
204
668
677
988
557
803
40
395
927
582
920
293
29
92
839
549
164
727
749
693
904
558
521
380
947
238
747
764
64
123
551
572
601
950
631
900
252
480
167
789
781
218
12
937
292
638
242
453
295
281
733
846
631
917
726
303
852
62
640
755
849
232
812
63
789
541
815
188
658
949
778
460
712
801
422
495
492
280
215
14
754
309
913
222
470
477
179
504
308
465
155
409
654
723
410
847
622
26
758
933
200
245
961
126
199
68
294
841
110
374
363
793
308
594
734
83
512
357
743
111
584
829
433
698
575
773
873
234
983
828
163
642
703
820
139
972
560
457
464
699
771
338
952
757
635
565
158
403
588
823
935
678
154
381
124
676
530
916
874
223
285
841
954
480
548
871
974
351
853
712
435
698
96
287
676
129
564
740
110
727
139
459
540
293
96
816
805
611
584
920
94
764
45
366
938
90
815
539
356
648
849
634
173
902
6
234
563
37
387
470
628
314
569
552
209
372
268
608
378
309
51
335
268
112
899
28
12
929
32
422
853
737
945
237
102
187
370
683
289
709
529
756
673
205
750
365
642
799
457
988
120
152
427
643
543
866
27
176
202
485
774
180
338
851
509
45
950
101
737
11
663
984
293
472
321
93
649
770
368
206
326
196
635
438
644
335
858
981
568
498
35
127
875
714
356
182
599
142
988
659
473
670
471
153
808
789
109
365
706
685
576
418
597
66
681
873
652
619
818
87
756
35
553
339
807
901
277
467
22
845
830
247
635
386
405
80
317
218
878
996
598
686
843
487
50
904
718
163
13
334
93
803
646
696
387
192
272
372
218
218
347
322
181
863
23
434
791
914
743
997
200
320
180
900
286
787
937
475
56
634
183
322
643
344
799
651
568
128
177
554
15
123
84
749
135
313
104
140
928
777
35
790
978
651
950
685
898
153
446
261
126
748
96
348
815
628
630
826
709
272
964
442
427
946
657
998
620
913
876
1
352
445
946
676
597
876
945
515
15
386
108
992
729
691
790
298
942
760
887
218
127
221
67
735
24
308
605
299
372
822
921
88
797
949
423
939
110
776
558
936
101
680
790
981
424
370
959
442
409
351
837
962
435
266
586
634
361
859
285
592
277
412
199
154
674
700
198
672
781
817
119
891
557
964
467
528
506
425
527
760
172
645
731
92
244
411
650
573
371
805
63
451
665
504
179
378
650
357
963
966
804
514
842
204
349
422
510
916
176
8
390
142
201
658
123
634
949
263
697
844
423
149
783
731
201
857
74
518
298
605
841
94
566
267
733
600
18
376
193
787
720
410
642
102
685
352
927
174
397
868
445
140
407
760
908
538
826
851
4
284
235
56
306
241
656
695
897
523
112
738
675
515
8
146
448
860
80
12
514
267
585
506
997
234
654
857
917
684
661
16
423
843
341
86
522
751
836
439
870
267
536
388
167
833
705
190
94
154
286
97
337
917
498
465
746
125
310
728
399
432
749
152
867
165
779
106
132
543
229
29
844
954
428
136
329
235
485
680
518
331
582
432
740
400
882
899
386
10
540
579
770
443
166
820
834
347
902
172
300
463
205
967
659
633
510
577
331
639
566
21
132
565
983
577
351
572
384
842
296
2
795
412
123
182
200
257
814
534
965
854
461
989
123
338
35
571
456
554
706
519
467
270
613
876
388
947
908
247
821
485
116
521
468
283
433
934
820
548
337
836
157
956
732
591
243
571
259
69
800
119
176
458
593
813
479
969
96
428
408
356
521
526
802
806
752
66
106
588
263
707
587
329
141
190
108
637
381
329
377
530
511
413
535
742
506
499
618
905
18
948
742
466
627
712
626
921
304
926
355
68
458
286
659
538
723
669
694
758
655
499
485
331
801
881
99
781
333
418
374
345
894
73
156
279
618
276
528
423
952
852
856
84
473
881
890
720
525
696
388
405
430
855
363
879
207
750
208
154
383
585
973
910
915
928
255
452
801
179
157
462
704
225
810
118
811
891
377
590
412
764
353
375
406
90
67
550
691
497
279
786
543
972
177
961
241
551
452
657
752
660
482
719
31
136
392
42
432
404
199
754
249
738
731
417
834
186
357
557
304
18
171
251
266
831
307
840
802
605
935
707
543
4
996
177
139
628
258
975
203
803
127
621
145
455
982
381
920
303
808
119
219
118
974
846
604
489
120
343
96
886
933
875
728
171
192
575
923
205
454
997
142
338
861
16
8
772
38
201
603
708
602
543
988
488
508
470
589
448
644
81
394
152
876
423
741
308
791
238
37
608
902
595
834
570
998
675
157
40
431
875
595
824
957
556
874
822
222
987
471
728
306
536
644
907
426
216
773
939
458
321
345
265
690
736
21
264
133
44
410
426
913
781
362
201
135
850
6
756
394
207
168
452
96
583
756
780
178
637
852
568
864
229
830
239
463
373
982
176
302
387
191
501
399
15
495
14
51
51
448
443
864
42
720
286
767
989
642
364
943
506
304
295
689
721
368
345
452
215
305
289
52
502
667
277
354
209
726
138
300
554
713
94
866
381
657
760
715
737
282
986
297
352
763
315
418
224
41
265
225
667
708
697
220
482
727
21
542
27
510
57
116
387
817
165
132
630
650
617
851
339
510
633
511
240
170
773
721
821
531
254
534
802
876
309
768
724
335
87
753
182
507
158
676
874
909
241
263
659
705
340
626
607
232
855
146
239
564
626
296
431
493
521
71
921
569
872
16
64
28
462
237
91
483
266
296
241
428
299
97
386
211
281
574
974
147
809
565
485
465
552
190
695
594
1
171
267
719
421
547
153
953
525
66
203
209
192
956
222
752
208
428
515
687
254
288
615
320
791
748
996
883
919
379
468
595
727
619
683
464
856
620
201
900
803
459
526
767
647
868
733
159
3
593
439
630
669
660
499
568
107
469
486
258
10
490
56
736
922
138
86
910
714
947
690
925
879
11
935
515
416
916
133
859
773
291
982
997
374
277
5
267
452
592
942
794
660
883
354
482
567
488
982
19
604
866
773
835
516
702
444
258
758
710
508
510
228
871
916
384
281
179
957
422
253
565
244
704
962
451
949
402
138
116
312
725
986
656
405
640
786
564
246
298
84
549
378
58
421
831
817
895
407
960
107
720
808
738
690
313
726
457
55
720
928
178
639
917
303
593
403
677
69
492
78
46
15
800
157
77
932
32
816
674
643
178
425
477
507
210
301
319
859
395
429
732
446
196
266
983
37
877
196
514
15
444
352
211
668
198
717
230
271
955
699
36
32
461
166
786
959
354
62
658
691
223
564
481
693
316
212
414
8
972
877
780
268
427
773
758
971
170
97
263
188
607
987
787
667
778
206
831
62
647
955
209
723
602
600
994
547
125
241
855
537
773
784
833
534
67
285
275
993
592
394
912
101
893
165
110
921
142
501
909
68
394
493
164
911
399
332
678
269
742
524
628
81
67
133
168
907
805
138
908
570
538
123
242
531
416
565
597
777
459
634
847
822
28
64
990
607
95
396
826
712
899
360
878
592
951
217
625
93
430
680
845
878
513
723
234
286
774
593
735
286
329
378
921
308
874
687
710
928
766
516
598
694
786
539
945
480
724
469
770
88
465
375
60
335
426
413
597
978
985
307
45
74
435
975
843
136
794
985
578
332
520
61
272
137
311
97
481
147
332
415
418
478
897
236
835
442
181
272
693
540
556
279
788
845
252
907
380
50
154
28
138
193
487
115
564
17
795
265
760
228
74
19
325
479
172
187
45
530
701
263
138
514
474
449
58
90
890
4
344
929
214
774
782
40
719
456
174
722
152
727
549
127
673
789
87
85
10
957
663
662
157
211
404
412
449
680
709
804
294
87
417
294
230
955
470
544
105
631
580
611
879
72
73
643
195
738
961
840
290
917
958
794
596
670
240
374
194
518
661
979
972
146
265
920
14
3
720
777
474
476
429
731
56
98
845
889
805
987
301
183
583
412
283
901
453
828
442
8
536
598
928
562
431
384
87
795
347
77
566
459
545
794
193
578
793
370
90
66
952
707
818
356
250
19
579
472
9
57
387
647
767
775
855
139
102
781
61
333
834
185
407
496
552
334
288
486
337
627
567
751
808
724
215
903
596
983
737
981
420
128
343
364
676
632
96
276
593
415
904
373
685
21
609
833
397
639
630
642
775
691
262
618
19
399
849
51
507
484
568
154
398
882
715
430
284
899
220
965
919
230
949
111
829
111
152
538
641
408
824
253
690
961
704
190
251
698
305
597
802
188
970
825
116
146
879
918
731
192
276
568
474
785
748
751
15
996
583
570
484
351
554
72
210
962
825
751
443
868
957
541
616
984
406
116
822
758
120
2
170
540
613
623
48
38
737
298
76
59
108
279
204
55
455
923
426
199
350
707
216
407
496
976
799
568
256
326
446
48
708
3
79
297
410
202
234
214
180
711
581
11
275
566
418
653
548
430
953
193
227
509
459
524
619
842
400
166
380
304
857
285
745
707
232
217
283
165
761
581
430
853
264
244
379
911
748
35
831
815
519
960
579
32
514
1
173
89
622
53
741
479
876
397
155
72
264
473
214
118
93
655
831
182
863
9
160
489
669
903
494
422
765
320
373
428
463
335
85
284
778
929
925
337
928
985
901
183
695
76
747
142
362
878
709
173
365
399
631
401
583
994
254
257
80
17
32
739
454
589
738
490
53
485
378
535
127
187
816
670
856
496
646
788
361
681
318
509
839
688
228
207
56
355
802
685
662
645
234
719
714
702
487
290
154
669
910
446
733
676
240
766
86
493
46
812
879
617
392
823
487
694
381
805
446
870
948
445
903
719
637
21
352
547
749
552
886
543
727
714
810
443
406
108
470
473
690
443
12
246
534
420
466
701
881
750
527
624
280
380
140
867
116
755
589
374
994
336
215
558
404
728
750
868
409
658
181
752
673
166
100
499
944
71
126
944
861
372
720
812
183
761
255
486
484
325
175
39
427
990
242
901
105
428
431
718
655
463
187
589
158
311
495
84
613
945
868
625
366
811
859
538
740
161
906
379
484
550
521
253
166
693
272
453
91
53
913
48
253
585
77
955
630
93
534
297
692
414
230
597
99
888
576
662
181
466
170
374
244
625
650
554
133
321
697
683
321
260
607
627
158
223
459
751
703
435
850
261
242
23
687
980
17
907
232
392
463
250
669
124
925
710
56
544
461
683
484
519
615
270
618
428
883
817
181
200
255
266
781
128
895
882
573
867
697
783
587
553
689
236
408
237
622
92
821
92
988
990
860
905
807
915
474
355
713
984
961
254
189
456
300
355
472
638
433
324
862
794
654
972
896
934
230
616
997
572
435
15
913
481
729
471
724
302
670
849
726
503
536
321
218
783
548
915
46
242
459
387
142
83
630
579
326
228
75
770
519
253
58
193
796
258
447
207
990
206
543
465
254
56
148
153
842
262
770
421
896
827
532
64
181
742
206
938
193
320
757
171
922
769
116
696
370
219
444
145
441
659
359
296
99
252
162
982
298
87
102
117
873
887
942
86
880
824
116
809
827
438
121
637
166
814
52
256
845
203
119
215
694
141
849
136
573
602
732
744
939
20
251
695
827
33
809
792
90
108
809
219
492
804
389
548
145
422
41
359
938
163
896
567
884
570
146
440
39
515
143
708
120
914
181
354
336
241
669
473
395
441
151
147
263
619
885
813
700
433
315
456
845
774
320
160
594
611
968
133
56
10
255
744
73
592
864
804
125
956
226
680
390
110
685
679
901
545
81
573
857
98
352
537
433
94
971
963
911
835
106
52
411
976
344
851
693
105
485
0
98
693
443
891
138
435
436
854
991
357
567
405
628
770
939
892
264
366
290
342
218
21
980
398
738
774
107
355
341
152
373
805
759
209
511
648
931
133
901
947
644
706
265
618
264
904
945
488
493
51
714
472
372
555
818
94
144
511
136
361
210
220
539
697
664
627
690
29
4
364
501
783
536
288
955
117
595
475
731
196
744
93
974
493
583
456
687
221
49
883
557
466
126
838
292
882
586
775
792
478
972
870
473
56
562
878
575
795
360
611
68
825
222
609
490
697
603
497
920
301
889
319
773
853
436
957
97
435
121
753
990
49
639
31
827
435
120
90
60
484
569
241
183
768
495
203
601
643
1
1
778
515
713
710
43
835
117
194
304
221
592
102
421
143
565
500
832
462
724
549
436
677
657
699
998
980
661
728
625
22
896
745
977
37
388
220
699
806
656
898
17
974
766
193
342
228
403
28
872
909
724
525
905
676
701
106
461
781
478
110
69
570
434
967
490
576
171
828
802
717
185
407
127
985
367
303
50
727
794
922
911
769
138
461
659
566
835
993
678
926
786
688
268
147
612
805
666
75
619
810
467
812
366
37
505
141
864
451
892
79
767
627
389
786
493
332
480
741
243
727
622
941
832
180
557
344
729
616
49
250
175
281
673
237
79
730
567
565
623
18
911
903
786
588
658
296
515
619
888
42
983
117
446
927
971
859
399
162
902
480
872
698
178
474
460
550
372
995
56
905
361
690
141
957
427
166
839
703
919
463
342
307
269
342
646
522
935
610
826
871
23
516
841
921
343
710
109
485
791
711
420
25
913
265
577
202
439
829
844
923
652
613
269
336
206
716
847
808
61
774
663
589
927
13
713
762
883
95
737
80
130
137
438
864
794
63
620
11
680
189
745
786
787
690
580
311
711
747
883
28
120
958
64
151
933
959
974
240
472
839
725
884
772
554
423
534
110
383
682
254
0
856
57
308
113
265
671
602
312
370
249
289
7
277
300
124
785
224
154
353
388
571
435
292
601
353
445
592
457
747
517
212
488
734
160
415
923
856
438
134
391
411
678
874
311
733
714
965
507
707
27
744
572
536
741
627
66
838
989
614
670
679
817
101
315
7
324
335
955
806
210
24
957
480
728
140
469
739
878
300
286
251
880
77
691
122
78
466
904
713
69
537
928
755
42
662
666
380
120
491
236
240
490
762
603
278
243
758
59
863
300
714
520
653
191
285
339
268
464
908
229
903
937
802
561
789
95
574
633
861
452
666
570
685
364
624
253
372
471
132
53
754
708
173
825
97
971
885
69
964
300
336
392
82
759
315
364
997
21
148
788
279
40
229
361
295
591
226
211
745
575
175
817
66
974
268
984
709
337
128
283
927
985
566
519
622
471
193
611
117
203
246
166
461
678
983
810
683
628
971
378
918
226
339
3
112
452
139
679
533
594
490
148
456
224
327
594
770
802
750
593
407
821
318
957
876
289
652
184
577
469
810
657
347
846
73
156
774
36
507
142
663
751
131
853
165
906
81
351
142
776
672
634
357
593
433
207
755
596
253
420
947
916
165
431
48
562
761
565
238
115
883
660
262
772
272
961
958
557
143
971
916
42
666
100
54
828
211
697
373
712
479
443
504
441
676
932
92
222
858
875
603
653
379
118
500
425
207
724
137
19
848
703
321
462
834
31
608
610
644
171
473
832
637
644
798
205
114
813
936
740
745
439
811
410
980
174
959
122
877
130
870
303
521
96
800
861
332
685
353
209
316
692
860
134
930
27
291
947
32
62
391
245
83
453
788
43
133
760
0
466
987
783
161
92
207
698
707
399
218
808
353
441
71
252
485
631
77
362
660
262
622
852
177
866
83
918
257
317
547
543
49
790
324
149
409
990
893
900
463
97
95
705
280
645
611
191
130
86
889
962
341
220
249
478
192
800
723
356
628
810
438
523
636
291
996
330
146
697
116
581
36
828
948
818
94
360
601
582
492
609
521
894
470
4
734
392
705
490
901
545
215
948
183
5
765
36
804
423
202
365
533
243
768
689
804
345
457
877
223
206
112
998
453
786
181
735
52
727
970
468
377
597
1
652
964
108
664
636
50
265
323
930
423
641
775
698
266
517
93
37
727
376
549
819
705
574
274
808
827
828
503
757
100
915
964
775
549
44
52
677
499
89
11
900
482
878
92
101
432
800
915
302
138
900
680
878
596
786
304
678
832
883
622
776
816
144
348
622
549
595
895
48
307
274
74
402
449
481
14
150
836
447
168
211
334
336
531
516
836
978
152
456
922
703
480
306
359
450
429
234
233
802
690
972
628
93
668
353
145
147
342
453
638
35
81
59
257
976
918
877
735
663
188
786
550
437
584
732
883
970
534
68
251
692
61
10
945
67
223
318
206
76
71
741
537
899
591
365
950
294
759
596
170
979
550
873
415
192
906
592
696
795
196
54
5
869
698
869
861
694
274
495
621
212
320
310
36
526
543
290
139
929
884
464
346
722
201
145
674
448
760
964
183
137
249
497
106
164
792
759
826
796
486
127
548
464
443
520
670
143
602
429
604
978
96
630
570
97
351
483
60
500
568
849
923
365
305
21
515
683
643
990
191
288
908
110
501
807
872
762
162
915
633
480
566
267
372
204
109
256
86
942
127
560
64
461
383
27
591
995
539
472
174
68
186
310
339
933
867
950
425
941
243
90
890
447
437
295
833
351
315
522
159
47
608
817
865
321
367
840
696
154
966
861
354
638
546
72
493
467
226
576
965
420
675
522
739
624
600
251
250
968
368
486
138
815
270
700
890
90
127
817
552
498
661
698
14
67
570
63
280
440
681
65
853
595
646
992
306
283
864
954
947
24
694
928
116
415
370
387
858
487
778
967
588
33
304
471
386
740
4
403
117
808
561
618
346
1
261
521
502
916
510
737
255
8
292
302
811
599
88
375
796
179
429
574
4
962
806
309
451
280
774
475
774
330
211
950
971
741
824
717
765
622
475
815
844
479
86
726
40
659
18
492
930
814
948
820
506
760
310
971
235
743
310
205
432
693
770
47
856
344
65
999
861
209
384
442
980
444
983
506
198
801
579
38
59
493
629
351
253
225
216
504
601
262
289
320
8
252
218
237
21
113
245
946
326
626
589
174
564
775
284
64
795
96
373
26
387
610
509
968
454
474
279
653
348
30
874
675
901
663
351
685
701
758
850
991
77
532
587
855
344
349
462
853
995
283
369
306
480
282
437
456
125
85
731
930
512
363
684
963
384
139
827
113
552
462
926
714
211
507
894
250
699
198
467
952
24
911
430
320
128
275
673
464
191
933
153
852
232
523
0
126
56
41
578
430
36
665
121
644
3
709
518
728
382
369
871
1
348
284
712
681
725
360
21
741
587
674
952
278
714
582
586
488
888
572
790
161
658
280
494
418
954
539
98
297
364
601
499
170
637
87
536
213
307
81
494
794
944
496
175
300
732
597
261
895
59
655
358
77
970
37
588
856
22
885
728
168
860
845
695
506
40
473
473
847
385
528
850
436
99
229
944
472
82
577
957
986
909
871
984
26
540
51
554
391
567
516
611
825
652
711
114
797
503
597
879
806
845
927
625
727
137
37
323
686
387
179
483
477
33
903
162
46
707
74
58
386
756
214
426
542
996
104
136
243
943
574
809
557
424
843
66
134
636
913
837
498
321
376
254
216
465
567
921
886
906
986
296
715
129
303
937
484
168
163
904
979
687
875
897
386
363
57
299
956
130
59
560
632
378
415
413
350
944
283
122
14
779
114
159
587
611
200
704
516
566
397
447
878
701
714
153
174
390
452
10
729
635
752
301
63
263
589
157
94
530
446
215
352
163
957
413
313
311
412
473
373
379
84
308
891
689
584
468
747
265
372
252
203
723
180
386
785
880
553
672
269
783
912
246
986
518
99
861
310
605
680
713
538
765
689
203
947
289
459
434
849
369
50
520
991
940
575
780
165
599
995
894
683
842
923
24
775
734
473
303
161
922
828
996
600
206
624
599
717
656
18
196
834
67
550
789
388
794
921
716
825
172
727
928
854
902
183
755
141
62
523
488
913
638
632
142
94
789
851
67
47
100
186
539
327
406
223
976
202
395
456
179
421
711
580
230
29
372
993
708
816
35
756
225
395
269
876
957
825
858
539
399
636
446
532
207
944
460
455
75
717
142
741
676
592
255
980
450
254
462
390
985
223
306
675
406
538
442
41
121
113
437
497
116
260
215
78
940
268
804
890
739
244
315
543
933
53
292
505
304
303
690
377
106
786
300
441
717
686
889
402
669
174
504
418
45
991
751
125
387
376
979
635
305
717
935
607
794
278
56
303
873
658
943
83
728
753
364
988
367
406
492
744
847
229
585
416
132
443
632
412
949
290
0
925
975
727
227
84
801
857
902
586
890
573
551
272
865
848
691
980
121
650
153
204
643
289
1
101
273
928
318
7
432
99
868
972
304
748
464
560
911
428
815
328
153
260
195
93
28
313
197
292
714
953
728
498
975
267
225
762
802
787
548
925
280
935
500
998
280
713
969
779
712
201
159
878
116
148
321
874
501
510
34
431
48
520
438
968
249
900
742
583
82
304
564
671
329
189
400
368
910
765
290
152
676
943
517
533
146
399
181
778
597
203
596
36
757
991
755
316
487
173
624
510
841
824
309
529
565
652
955
471
240
52
54
948
336
877
713
223
371
874
270
289
113
905
360
858
741
257
981
433
55
803
813
714
356
614
628
401
719
196
136
577
95
443
257
183
939
747
105
97
509
398
107
312
264
513
347
679
522
662
683
55
626
269
341
242
945
762
642
541
784
955
391
686
58
67
723
361
314
883
55
506
251
380
479
285
974
91
171
206
954
546
156
828
15
510
635
747
289
901
106
655
52
955
526
359
688
578
44
239
645
812
206
705
456
979
317
902
56
874
42
256
909
762
538
739
831
647
334
725
663
438
861
227
845
417
442
13
95
525
280
279
786
243
521
78
428
344
36
179
65
490
200
240
82
966
697
766
669
132
845
741
811
925
772
508
485
207
760
392
784
403
350
583
579
531
466
538
353
336
590
628
754
675
325
0
132
998
153
486
427
524
820
575
538
475
267
650
943
618
795
768
38
500
28
797
278
39
648
188
850
652
776
321
18
578
775
540
935
181
43
827
967
937
238
156
738
85
951
166
505
701
199
993
714
250
930
889
135
509
504
908
849
674
379
785
227
5
437
172
898
86
830
284
400
589
592
600
418
852
49
356
173
619
768
597
968
604
445
329
210
898
437
78
993
58
468
99
582
448
923
1
592
634
416
769
339
391
87
233
997
556
461
50
335
603
603
922
815
280
566
330
101
882
78
929
112
40
50
404
435
502
696
890
704
176
978
618
820
711
935
188
755
405
724
127
283
416
429
923
661
141
505
213
982
701
97
282
373
175
736
57
224
383
455
448
379
837
847
915
154
97
431
729
816
49
37
473
630
384
219
990
53
890
448
15
481
840
727
986
972
986
32
19
323
821
18
514
137
154
735
566
366
379
727
168
357
590
450
179
24
738
106
1
9
513
326
995
453
743
560
622
128
335
848
850
415
325
643
856
761
444
223
70
278
661
871
13
187
190
941
621
202
120
618
342
891
213
709
498
504
974
151
747
716
436
274
910
53
700
177
704
774
775
462
316
184
420
285
527
924
779
148
157
226
175
523
532
530
90
624
882
127
154
693
48
287
589
266
561
697
907
262
847
34
53
31
187
920
889
549
28
974
109
143
302
169
319
703
357
68
599
264
592
991
314
800
406
377
30
64
885
467
645
191
634
534
779
341
660
452
788
766
2
630
79
608
109
207
592
616
973
54
608
748
978
595
336
377
297
578
457
527
430
342
526
768
145
103
897
109
470
882
255
551
443
585
773
504
974
736
20
485
0
585
602
630
663
0
981
863
710
367
350
603
880
135
775
445
773
552
182
804
976
265
166
701
181
92
228
306
97
314
264
698
291
230
427
988
943
456
501
200
666
849
994
190
87
921
655
122
151
541
236
547
357
887
946
900
121
552
169
702
714
622
341
210
496
783
655
934
481
827
375
138
618
114
473
263
739
249
140
382
503
265
38
940
484
727
184
595
610
710
2
741
471
990
430
129
443
78
247
314
20
53
982
641
125
204
654
789
663
347
163
542
816
172
652
73
281
520
313
15
494
317
768
72
191
500
186
430
341
568
786
782
176
823
804
964
751
964
732
215
602
45
72
443
869
294
836
740
73
469
448
511
117
187
699
605
580
599
734
131
194
436
245
759
469
252
242
867
953
304
987
545
634
858
631
918
43
984
873
933
701
201
774
272
240
812
479
201
43
7
685
139
732
508
157
139
287
369
205
748
814
15
866
804
811
671
221
737
670
28
953
503
681
418
815
648
181
774
392
548
924
962
939
775
967
182
829
976
971
91
288
415
302
344
691
366
979
832
6
87
613
604
997
486
73
169
623
746
209
309
564
992
889
14
250
187
908
780
981
209
606
937
414
373
34
968
636
726
268
698
114
54
552
28
462
65
735
858
643
308
160
321
703
944
660
425
622
553
10
893
760
598
381
430
321
28
72
602
853
867
672
922
14
504
210
824
182
351
231
669
906
446
540
544
979
9
609
208
149
416
838
987
858
705
673
412
133
235
550
543
207
403
494
655
252
140
192
90
664
895
336
137
492
996
407
500
721
346
524
95
366
299
890
513
52
214
723
89
234
879
268
31
112
281
703
512
647
291
17
419
9
359
75
173
203
518
203
53
692
77
979
79
43
666
865
766
185
822
388
449
11
301
16
91
449
924
879
85
692
359
144
100
447
589
570
332
58
277
819
473
701
944
527
728
203
804
488
753
345
481
91
949
582
696
830
834
206
874
854
172
59
879
836
501
351
276
445
720
244
915
287
368
719
242
457
506
639
410
134
117
680
240
612
976
328
102
801
963
811
16
215
433
996
277
936
211
330
299
92
568
216
267
408
176
765
891
1
321
459
623
776
384
625
640
118
288
608
480
379
507
123
71
898
319
660
816
32
161
74
378
534
706
548
127
334
217
688
89
24
45
324
820
969
875
688
974
406
310
520
626
151
498
37
333
830
667
617
868
253
594
699
50
373
86
653
878
623
358
419
240
301
842
600
381
491
318
253
320
726
732
142
113
469
924
896
317
177
492
648
116
524
69
848
759
855
319
93
5
45
602
313
327
782
13
306
363
193
561
722
581
978
877
706
277
406
275
31
893
835
532
372
93
735
190
554
462
873
293
873
323
197
880
433
810
444
103
109
235
906
211
178
152
353
622
627
582
152
783
344
501
688
75
95
5
784
724
477
427
485
858
96
415
478
295
289
464
533
13
510
953
66
88
136
339
300
5
63
696
252
466
313
53
564
484
854
628
133
388
503
735
510
429
642
435
17
40
234
947
386
410
573
801
191
3
218
238
246
67
143
317
986
878
887
910
502
934
139
718
569
184
102
434
931
335
38
463
553
730
869
311
337
847
18
814
607
324
122
453
562
230
902
864
379
201
683
654
185
226
249
335
781
517
32
540
889
714
453
819
199
742
188
358
703
71
253
202
927
117
736
834
629
349
379
330
816
732
730
690
943
259
69
448
913
719
282
427
7
451
41
257
970
459
331
361
508
224
472
819
30
578
7
859
518
785
78
207
194
185
2
258
61
967
386
667
449
380
80
496
623
95
282
430
84
740
143
106
517
2
959
149
862
575
523
522
342
424
357
718
2
343
98
913
660
969
442
685
819
243
90
509
96
524
196
648
34
355
69
326
610
204
616
829
49
41
942
776
548
858
317
115
788
372
358
329
880
321
712
561
593
896
767
670
744
952
65
599
175
183
701
778
615
565
386
863
15
972
464
986
24
493
579
629
911
669
919
47
5
143
854
657
201
156
959
50
251
72
647
936
812
684
635
264
954
293
693
687
273
971
935
624
497
834
421
821
558
185
821
158
623
705
324
601
429
225
372
565
198
496
964
659
156
458
99
547
272
507
282
908
439
447
186
351
330
453
217
296
426
512
606
986
298
497
952
924
419
200
683
21
919
35
253
66
888
454
23
500
221
592
570
982
235
161
210
49
711
868
124
505
496
889
216
573
640
559
796
129
579
942
105
313
590
28
828
257
749
979
503
200
546
469
166
544
352
423
234
737
433
123
227
409
153
353
86
719
855
93
431
399
139
816
633
768
557
166
870
168
863
561
271
556
214
721
589
973
719
498
703
818
457
314
996
687
862
8
875
946
633
430
964
701
892
251
225
823
646
788
606
34
345
276
583
884
776
404
900
534
345
964
192
138
791
392
393
617
911
701
912
360
195
832
998
692
669
541
442
705
880
720
227
836
996
457
679
104
524
335
313
9
369
887
89
343
575
312
36
810
38
636
474
375
973
738
286
125
407
224
462
137
376
504
886
504
301
869
665
893
777
325
764
812
831
551
907
520
975
567
120
309
95
420
990
79
308
199
254
156
950
924
348
74
52
426
673
231
295
429
446
90
492
361
729
400
547
435
428
608
3
296
360
833
728
838
582
997
383
2
104
110
928
400
867
718
586
937
371
127
850
563
716
480
439
889
435
976
0
43
392
463
261
411
35
751
344
755
994
635
384
441
411
674
36
593
8
470
762
891
755
996
983
862
786
956
950
350
206
338
286
635
582
582
226
588
964
21
840
641
749
599
859
553
987
100
200
48
190
694
323
844
586
190
299
214
925
319
925
393
792
701
679
397
483
597
61
887
355
630
390
435
171
681
23
440
700
209
325
289
464
965
930
14
958
787
289
441
68
427
334
328
468
108
841
963
441
167
836
695
169
496
918
193
834
231
794
488
695
879
405
184
85
695
749
908
266
290
996
666
743
317
790
360
407
458
346
340
649
760
825
328
227
438
123
769
108
515
509
91
975
451
987
298
439
753
637
341
383
728
929
39
411
504
120
657
18
126
394
939
996
21
275
49
202
703
800
749
473
541
76
873
709
640
936
642
240
178
666
812
600
884
57
305
753
493
419
202
439
83
802
262
307
792
819
421
285
406
721
353
730
992
220
287
917
178
998
130
799
983
958
967
853
358
551
187
91
862
888
509
119
561
558
321
184
287
841
766
286
832
994
795
343
119
332
334
357
132
859
852
535
788
234
779
323
35
362
882
360
959
993
431
819
845
451
391
986
294
451
557
906
510
488
853
914
468
628
878
209
268
878
945
173
555
101
524
844
479
650
374
944
185
617
960
195
638
318
546
685
598
278
692
146
975
857
185
897
786
629
268
134
479
584
822
783
756
670
540
946
371
128
296
408
80
878
435
273
41
78
385
29
170
841
40
153
76
558
709
202
879
187
879
111
975
940
598
39
942
796
605
876
764
646
272
401
546
704
898
82
356
296
561
842
384
12
499
831
94
994
605
930
386
527
81
209
48
22
396
107
39
158
810
145
664
223
674
168
744
808
740
527
585
469
124
898
304
953
593
348
89
901
332
564
901
148
394
139
208
162
493
830
212
365
573
856
217
602
368
199
227
365
445
362
660
630
686
816
709
111
455
269
615
211
975
870
620
955
348
460
863
654
134
71
998
968
243
534
848
481
340
161
441
851
509
369
479
974
379
86
5
215
356
590
35
978
409
20
345
960
531
600
717
121
745
21
43
612
893
918
65
170
43
290
52
938
26
984
475
293
187
924
429
705
664
464
35
100
189
16
105
219
828
527
372
721
238
811
78
519
581
477
941
562
581
256
939
471
505
769
333
352
565
257
526
330
825
538
622
716
740
499
574
118
841
664
53
114
631
271
307
859
190
126
500
721
444
608
62
285
487
324
230
202
844
616
122
192
662
616
285
24
411
72
441
1
135
548
56
718
840
367
475
247
623
116
198
30
990
711
399
969
597
245
510
605
257
760
287
74
493
376
347
191
369
222
369
722
628
995
380
962
571
136
356
976
405
461
726
989
186
205
808
808
517
889
366
320
300
300
23
352
277
635
555
879
902
285
990
674
900
793
623
351
63
571
239
510
832
120
523
692
817
189
46
553
952
810
181
979
444
225
305
114
506
248
270
980
815
147
10
907
46
98
203
448
195
335
839
756
163
738
925
649
512
692
525
227
962
877
123
561
410
34
855
565
848
824
432
79
758
421
121
745
64
734
580
736
648
729
356
989
586
397
30
727
563
949
319
495
366
568
280
740
583
819
844
563
3
209
618
303
27
435
527
976
671
108
878
18
297
648
935
165
246
275
152
124
868
459
429
827
279
188
619
951
59
985
915
255
25
915
560
225
443
287
136
159
610
975
301
375
281
852
234
755
546
897
508
258
899
140
510
37
996
331
377
442
282
986
964
258
367
752
55
36
297
690
229
325
957
91
448
806
945
448
189
389
433
867
406
530
620
936
83
942
864
728
373
218
736
88
705
720
207
131
268
254
643
638
962
9
344
698
434
862
958
654
737
774
308
264
340
575
17
216
883
379
691
822
150
479
925
452
962
611
397
191
502
238
572
174
572
333
683
986
689
251
646
683
978
630
793
889
750
989
366
333
819
262
903
113
512
399
664
677
69
977
19
18
860
88
346
38
171
201
783
71
452
320
668
80
810
597
876
941
530
83
805
372
163
959
556
966
138
254
144
830
284
954
951
768
127
514
136
299
213
208
527
374
141
434
642
600
247
455
23
762
384
49
834
230
709
189
544
930
987
301
541
450
724
424
328
998
190
463
682
537
147
303
344
923
838
874
602
280
319
925
646
661
387
509
142
447
292
927
547
499
508
715
556
276
995
464
947
491
288
69
49
544
579
274
53
735
662
718
53
469
461
925
831
192
520
154
761
832
219
976
171
678
662
456
56
991
773
24
818
703
261
158
393
720
778
368
477
409
141
375
899
114
232
496
954
241
141
458
661
119
525
147
930
140
683
489
774
754
390
590
130
686
306
905
374
267
482
744
232
252
470
128
291
150
645
609
537
852
716
916
820
9
137
205
125
911
998
807
659
217
484
433
443
29
244
693
350
540
332
156
522
95
143
925
992
211
652
202
748
740
417
141
463
634
22
419
231
562
328
714
758
323
772
113
365
671
847
837
942
367
66
256
694
756
744
677
936
31
647
266
906
630
330
421
979
683
640
794
75
579
584
562
741
402
954
824
928
356
111
275
484
630
483
591
246
236
647
732
556
99
257
605
529
121
517
832
855
415
642
738
316
208
938
192
745
843
251
112
864
379
676
284
688
993
432
796
331
358
188
941
918
300
819
269
771
617
684
792
506
705
323
4
64
165
620
658
668
5
476
159
367
987
629
149
336
905
896
946
163
712
436
819
585
404
732
504
849
915
742
106
637
436
702
676
635
492
508
293
209
65
306
21
394
225
215
151
168
150
419
939
472
48
739
260
732
191
258
945
473
215
749
428
884
307
813
437
385
375
687
820
832
798
954
166
575
117
932
317
349
42
749
591
650
32
344
845
688
389
567
629
455
552
235
286
721
199
274
893
1
24
226
589
90
61
3
171
715
34
598
232
177
157
124
733
897
387
29
598
481
597
103
59
612
747
932
653
345
816
33
835
347
489
17
867
167
949
934
842
370
697
110
657
374
763
286
656
340
800
908
349
508
624
262
631
555
115
496
893
311
386
319
712
485
89
804
642
165
345
357
214
928
734
94
395
931
958
714
446
462
380
74
512
128
981
274
647
788
16
686
827
625
895
444
960
329
544
713
106
855
380
870
813
611
144
52
857
445
366
23
815
546
183
755
954
724
988
717
597
375
108
263
682
53
195
75
671
484
638
429
365
507
749
31
464
446
193
609
817
312
662
675
566
89
944
780
711
25
523
226
463
682
330
423
523
260
846
204
777
70
192
166
413
348
257
71
455
703
457
76
713
576
816
677
149
601
374
936
862
988
607
799
860
364
824
792
743
356
376
900
178
356
189
160
85
232
480
769
562
205
954
233
267
364
751
912
124
589
984
87
770
646
359
582
661
756
987
534
510
306
436
502
463
189
982
618
171
307
120
429
13
752
957
944
833
239
836
537
536
538
607
15
506
62
834
353
448
987
281
299
536
514
770
508
69
846
850
892
675
900
99
313
622
161
621
54
259
971
115
36
161
82
421
888
424
197
98
260
819
264
104
550
446
470
452
133
748
178
192
18
603
454
260
912
941
522
348
289
559
72
249
813
876
213
87
820
536
637
840
581
409
379
716
741
738
588
893
279
840
436
806
504
264
82
445
909
204
747
220
175
939
897
72
811
44
898
439
859
82
71
917
248
903
75
185
605
949
434
448
735
346
577
242
890
212
758
51
116
317
149
550
668
133
854
365
108
985
976
79
496
552
752
907
564
868
791
780
59
118
867
874
251
869
316
940
637
397
774
354
349
434
523
472
970
702
926
341
335
918
341
344
509
590
189
765
530
131
946
967
398
214
51
315
490
300
476
905
959
980
464
786
844
448
778
810
275
866
503
752
598
811
880
655
247
228
866
413
487
225
388
647
765
398
639
852
525
14
215
2
553
369
176
808
208
492
752
596
890
530
479
438
227
390
820
326
559
706
578
72
229
303
754
188
971
156
281
905
793
421
342
369
529
375
353
295
626
928
596
633
963
200
716
59
305
880
445
417
723
39
21
116
608
938
188
523
855
361
601
198
523
85
423
447
627
442
814
899
280
310
878
391
437
211
308
217
828
458
189
23
749
606
626
30
886
441
639
667
380
109
891
849
983
377
960
383
189
20
773
412
451
365
903
968
834
933
92
217
182
922
15
217
348
480
143
385
252
239
828
163
311
29
426
519
595
923
763
775
819
42
905
111
612
410
958
322
302
330
544
855
31
536
40
85
600
562
736
81
694
835
897
796
241
966
401
483
203
45
664
781
684
393
982
815
475
334
553
524
249
303
473
676
746
74
888
941
4
656
679
730
99
270
926
134
158
517
617
382
91
908
149
199
774
101
822
172
271
696
183
169
995
467
676
658
499
233
36
78
501
651
905
536
11
171
547
348
230
316
452
186
499
266
246
39
689
853
873
579
764
443
15
237
274
265
58
414
269
472
467
959
664
944
967
886
892
478
193
681
272
161
424
933
150
587
524
560
155
909
150
934
298
193
851
235
642
792
682
695
484
949
907
593
285
703
258
825
865
191
608
813
39
377
179
732
883
379
295
163
972
253
789
939
598
124
116
847
411
77
857
877
773
123
612
112
959
502
528
540
621
361
569
821
265
313
666
100
549
914
245
546
781
836
98
481
160
473
276
774
359
741
623
610
277
588
668
150
582
697
688
837
37
561
856
803
827
212
595
823
81
314
144
968
308
697
218
373
606
787
832
232
681
762
796
1
591
151
108
280
833
26
259
980
2
710
926
209
562
582
371
444
177
996
969
240
104
686
798
28
588
970
975
988
657
672
262
570
272
85
742
509
75
524
78
161
568
977
289
582
967
293
399
864
19
144
386
104
331
819
775
342
955
949
757
788
673
226
727
719
434
165
158
923
332
744
505
30
404
78
760
170
394
618
164
580
839
763
781
592
97
204
654
9
174
855
457
992
519
239
32
939
30
884
260
269
496
47
51
643
487
53
357
789
981
170
48
129
196
340
689
663
611
516
624
346
758
948
270
733
107
633
435
952
38
868
792
815
862
682
649
257
23
626
562
920
213
714
622
673
582
52
694
202
119
983
490
761
672
435
691
379
953
723
732
338
887
297
173
613
463
946
469
850
839
771
212
138
490
922
294
191
965
299
698
575
929
650
620
479
103
478
185
572
27
941
601
376
488
296
73
232
703
172
936
302
63
492
352
607
98
910
399
505
195
917
453
615
677
481
315
967
949
50
579
695
7
206
198
844
620
452
338
947
202
981
30
192
999
712
518
185
8
586
446
372
939
860
830
56
841
702
161
227
183
824
451
259
271
902
25
51
769
608
107
212
84
537
829
864
286
203
899
503
262
434
208
457
244
921
246
395
12
618
88
145
27
540
804
536
827
407
149
663
674
709
18
807
451
701
10
774
324
921
732
586
18
750
450
625
373
692
524
522
273
49
419
671
107
637
756
253
987
623
527
261
307
882
94
687
227
745
80
492
290
452
271
568
526
334
700
674
775
463
321
761
496
806
973
383
687
954
584
368
226
926
89
596
695
360
309
666
40
179
827
17
479
680
482
488
32
43
200
202
208
275
542
585
969
292
520
737
73
84
450
342
785
774
403
4
431
602
161
722
60
335
509
150
443
224
458
276
968
321
112
733
115
481
163
627
460
327
763
477
998
420
682
161
429
590
567
67
43
992
228
198
481
125
294
704
253
229
289
388
384
105
854
215
954
519
765
363
886
33
491
397
209
498
779
510
551
268
388
103
8
674
531
262
892
751
478
942
308
539
824
112
25
287
118
954
779
682
258
768
188
965
490
622
963
745
711
865
412
945
810
186
319
225
524
619
156
415
401
766
27
980
662
878
934
188
641
370
355
390
884
420
514
655
257
224
143
511
540
528
924
842
6
164
343
911
827
75
597
46
596
626
742
932
713
463
695
259
140
189
489
909
392
432
659
521
860
483
275
295
876
598
225
47
744
504
541
510
962
109
92
602
8
546
992
656
705
100
373
577
522
29
736
102
929
948
270
780
119
53
615
942
896
16
365
833
51
103
106
216
751
219
915
20
856
477
135
681
829
127
493
725
538
278
428
876
112
333
913
1
815
459
606
119
295
876
171
945
81
233
90
795
487
881
936
144
259
329
277
530
126
464
432
172
765
376
783
450
166
892
736
635
723
409
428
447
339
337
353
273
684
497
642
261
643
719
964
427
922
900
63
344
534
13
580
691
559
517
712
521
373
188
680
770
173
837
646
807
982
779
835
523
520
512
311
260
305
216
397
722
868
516
674
639
815
758
659
145
356
6
686
499
236
876
234
925
303
786
659
492
553
345
30
417
577
594
352
895
910
491
630
855
975
225
490
745
685
526
801
182
125
253
819
868
443
612
187
631
406
942
905
122
967
317
974
166
624
886
769
6
365
379
264
240
773
651
612
212
997
871
373
683
657
504
652
85
498
546
958
397
683
630
550
795
415
980
348
93
421
254
409
37
853
798
773
517
542
648
302
446
450
474
11
844
543
40
227
444
318
141
315
731
688
748
171
898
420
805
755
866
547
203
863
347
733
852
258
323
634
683
505
58
171
650
73
632
13
395
931
167
930
217
954
372
885
805
763
882
696
665
169
812
61
746
469
699
166
24
721
756
24
607
357
406
41
204
724
651
18
719
171
751
46
287
5
893
395
787
892
588
121
63
178
3
540
581
737
341
807
70
655
442
414
399
577
311
488
274
127
572
511
18
665
403
212
747
33
766
163
100
962
93
417
769
421
455
349
304
375
504
701
659
130
901
15
137
577
659
614
440
343
964
11
283
869
373
457
436
772
111
412
104
376
61
452
4
52
20
656
908
937
782
468
749
788
565
103
652
431
939
806
877
119
991
659
644
893
141
740
125
647
243
728
290
246
339
482
92
194
443
823
30
328
130
946
890
518
353
411
214
656
912
881
91
919
972
380
889
325
681
144
975
417
596
800
763
11
917
977
650
195
437
999
579
295
889
125
976
635
513
950
548
797
778
587
826
138
872
549
732
121
143
852
508
335
962
360
546
34
250
759
48
54
359
733
221
708
395
972
270
298
80
561
3
70
6
805
181
78
255
703
637
978
994
695
804
877
525
438
891
175
668
518
903
156
622
523
623
708
896
614
916
189
351
590
269
545
999
211
917
945
146
458
805
442
261
398
787
631
971
615
426
27
410
366
410
243
884
765
957
344
346
509
986
343
96
728
632
292
853
204
201
453
840
608
29
817
300
944
600
495
302
45
309
12
288
42
307
917
87
337
293
502
688
284
50
768
812
684
806
341
572
707
97
475
330
790
515
888
80
867
973
537
677
222
798
995
721
772
609
42
796
821
39
821
754
460
440
650
475
33
870
995
364
329
388
181
982
108
725
292
385
415
196
376
610
367
345
508
191
788
854
605
472
651
568
580
719
409
384
120
780
1
860
795
219
643
442
522
718
614
247
810
817
652
457
768
675
995
931
157
186
174
824
764
13
961
600
175
389
439
741
187
61
109
201
126
949
1
375
592
319
428
112
293
728
172
232
720
969
249
639
477
121
183
71
388
150
147
577
262
379
455
410
385
686
298
672
601
696
58
788
526
783
208
211
842
195
669
116
514
99
236
412
369
932
369
110
234
628
548
476
933
991
344
161
155
511
724
567
955
620
159
989
535
435
88
277
802
464
997
849
329
788
717
101
638
343
61
78
89
513
253
623
805
202
288
795
450
103
562
682
241
682
463
218
686
345
448
713
276
392
735
301
20
554
914
590
269
416
667
211
195
344
553
593
99
708
468
745
378
672
894
303
995
914
38
541
452
256
672
301
427
715
297
825
128
28
264
938
567
186
381
863
992
914
716
834
299
759
407
600
731
859
442
312
28
260
501
243
51
993
275
323
675
251
296
220
277
572
721
358
514
516
456
866
838
681
903
46
182
106
221
202
554
259
191
189
339
606
556
448
452
711
371
872
948
126
49
787
833
563
120
410
580
53
442
943
849
357
831
569
616
947
498
679
695
389
740
438
227
206
202
669
41
366
577
412
246
548
850
826
321
73
206
533
536
53
185
185
789
432
756
959
198
81
641
837
235
323
494
908
802
266
113
351
930
331
595
716
508
167
791
238
614
332
933
562
408
40
786
895
980
674
391
199
123
449
321
24
529
632
891
148
519
466
78
846
363
660
443
784
249
938
886
961
186
867
469
362
975
25
245
371
798
473
770
876
570
847
822
564
844
803
3
984
824
77
144
987
199
918
27
208
642
752
135
18
353
520
893
451
772
528
837
144
91
133
34
164
662
872
683
873
573
837
757
67
294
472
783
326
653
673
923
448
848
177
644
658
947
927
129
758
94
95
503
434
680
537
265
62
255
24
970
618
479
514
319
540
498
747
864
338
931
60
748
995
594
767
585
410
25
659
693
189
148
639
137
227
881
247
267
74
517
646
496
318
709
545
414
796
377
177
805
29
830
310
106
171
839
565
384
55
227
891
243
775
252
318
988
424
36
291
849
913
46
196
526
712
810
31
704
514
823
237
878
10
414
50
126
911
73
238
741
134
296
953
224
290
91
476
88
494
504
320
72
434
602
824
316
951
139
799
85
704
560
841
953
883
235
732
566
215
774
646
576
389
262
756
179
911
836
350
720
943
245
726
778
638
568
483
124
287
992
51
292
280
681
451
171
832
94
315
316
988
751
903
816
866
114
865
374
593
978
883
998
194
56
913
341
874
469
662
339
306
725
379
149
630
827
862
823
911
228
951
21
999
619
210
709
273
608
948
21
185
243
5
53
421
205
139
596
535
189
96
368
603
212
116
81
826
318
70
932
919
365
26
870
358
220
925
425
970
696
693
935
194
774
349
63
1
449
676
559
46
12
250
506
347
431
437
728
382
787
386
44
6
425
379
746
704
872
162
106
371
500
394
3
672
156
316
223
146
109
80
622
43
378
633
220
479
553
444
1
827
725
678
181
948
190
597
378
17
350
602
907
545
104
244
71
166
712
679
6
965
282
351
873
713
28
735
237
844
719
614
383
380
618
672
269
868
683
698
23
29
768
897
508
44
141
801
17
813
693
15
0
700
934
82
255
730
547
203
888
732
869
124
716
610
755
29
710
296
543
317
757
77
876
76
222
777
702
253
942
731
153
750
634
747
484
623
617
192
930
905
54
579
89
985
760
182
985
25
313
783
680
169
6
874
283
821
202
173
749
918
96
68
782
608
205
492
324
22
315
30
400
847
401
154
540
521
762
491
166
602
280
464
773
872
293
912
189
728
466
812
934
220
620
658
565
502
618
272
243
199
142
455
20
598
541
810
326
559
210
100
279
977
214
624
190
726
41
269
290
705
360
968
81
442
369
232
159
686
454
730
535
224
545
220
123
161
618
937
162
656
642
410
513
626
26
626
686
153
413
377
992
395
823
802
62
875
167
29
122
51
781
584
118
701
943
677
266
957
105
322
100
998
278
423
917
831
766
479
960
548
392
814
612
752
453
907
928
6
649
626
58
733
461
359
155
583
803
91
906
175
445
561
132
790
227
826
193
190
328
563
243
522
170
36
947
618
482
181
676
681
604
644
256
56
857
114
460
103
903
521
840
504
532
83
564
559
739
81
70
181
476
97
590
875
579
398
135
18
526
335
525
856
433
510
831
101
772
753
648
1
745
160
905
394
296
17
630
93
975
686
278
663
885
656
331
80
939
798
735
605
157
246
394
911
379
549
847
535
521
638
671
462
840
54
719
744
39
315
827
48
198
622
532
530
960
108
668
936
430
736
412
829
681
557
623
591
192
203
225
470
554
652
892
438
386
611
514
506
902
281
246
605
825
972
631
926
160
103
679
586
837
256
753
458
987
198
950
867
922
155
523
409
640
304
564
855
17
974
969
499
503
998
565
995
187
969
973
989
510
273
630
333
259
560
65
41
779
161
384
835
661
927
885
516
539
377
86
952
516
92
751
810
352
898
745
654
414
62
409
17
267
924
170
842
266
598
305
892
552
845
609
864
403
515
385
259
48
28
925
295
38
489
715
686
712
413
639
294
669
860
204
752
768
583
66
808
151
312
670
30
180
411
704
472
174
980
615
50
264
893
634
855
14
34
795
322
968
575
786
179
372
5
242
600
678
997
317
379
441
833
46
160
56
99
921
328
907
901
548
759
676
835
956
866
204
324
74
585
71
92
991
437
798
392
238
158
2
692
375
96
242
801
311
410
383
991
278
667
368
677
381
825
180
276
260
34
922
489
787
136
483
294
139
996
714
772
249
695
115
746
40
36
951
873
517
452
530
19
723
132
879
119
640
606
524
739
948
197
398
152
720
215
644
889
759
422
262
180
535
909
467
606
183
353
943
699
589
781
689
852
546
371
615
589
609
600
996
226
245
68
510
84
597
492
284
322
82
961
205
972
179
531
996
874
429
796
613
234
504
200
705
199
422
998
497
817
604
283
794
642
9
912
504
397
277
378
382
414
704
294
468
685
664
898
618
633
244
169
279
875
399
20
584
801
833
220
157
624
657
529
44
435
662
840
183
318
926
803
866
930
553
614
452
743
544
524
17
499
52
804
383
557
53
457
464
978
785
845
922
51
491
208
575
968
793
775
814
529
161
922
155
970
492
454
356
361
813
429
769
892
500
210
203
263
707
592
270
999
341
887
144
288
346
177
188
958
869
537
577
25
552
848
930
346
2
851
123
121
534
739
446
63
802
812
112
552
914
603
618
755
298
449
585
777
197
525
258
110
927
343
205
192
392
258
255
936
228
397
627
757
918
535
859
569
208
186
377
471
356
964
129
474
673
644
708
941
368
403
30
564
247
795
77
338
676
874
690
949
882
934
24
125
155
793
815
523
435
488
877
272
512
842
372
222
309
596
799
303
436
668
546
199
866
357
610
822
451
630
150
945
596
812
96
170
619
15
550
63
131
562
161
347
969
921
828
591
567
501
36
623
544
298
435
343
805
957
217
336
444
915
987
193
434
471
542
616
283
409
324
121
670
821
526
452
813
972
747
992
988
758
542
805
806
47
535
311
701
952
115
752
750
714
894
796
15
853
62
767
869
682
932
710
395
323
957
967
848
249
535
553
940
407
210
891
866
459
984
372
321
965
33
700
283
954
73
971
643
466
47
390
611
811
37
245
922
653
267
455
386
145
244
54
442
755
173
660
440
708
814
59
948
608
3
885
499
160
358
786
878
3
763
127
837
312
149
362
321
958
979
501
807
556
403
870
105
543
858
783
708
796
138
692
393
974
246
952
898
877
334
240
612
104
960
567
30
301
744
451
63
759
302
752
280
942
164
815
745
917
856
423
907
401
988
18
413
905
13
661
139
373
379
980
442
770
97
835
679
710
276
493
578
390
951
840
223
482
886
266
783
432
757
806
840
358
21
383
865
35
342
653
539
98
374
255
785
128
143
680
221
242
760
407
460
539
791
257
40
355
434
412
731
43
99
856
961
525
340
849
534
24
675
795
988
556
312
598
538
773
160
727
121
813
696
981
914
526
764
496
904
431
816
436
795
160
551
475
810
900
5
448
971
235
371
380
973
440
5
39
744
64
269
801
675
454
673
649
399
518
219
150
138
137
780
723
586
369
34
553
871
40
139
180
663
501
424
752
218
510
195
984
425
511
237
887
156
602
533
497
306
580
820
381
925
849
394
4
175
424
992
758
723
655
105
896
886
272
549
154
870
701
779
554
222
9
454
367
720
92
512
302
878
966
640
427
580
22
600
527
590
706
212
121
250
85
439
97
989
778
737
332
942
591
108
441
322
694
806
642
837
140
398
8
548
182
278
405
763
870
481
784
219
67
379
159
236
512
874
941
946
226
666
841
565
516
959
155
919
386
950
222
922
518
398
943
848
14
300
319
263
772
477
371
410
768
829
897
828
899
759
159
482
915
732
233
349
354
666
907
44
166
600
863
516
602
248
253
743
715
152
424
199
409
233
771
241
873
933
568
590
850
677
647
677
866
640
50
994
769
261
692
151
704
436
466
782
648
935
306
462
35
536
30
386
687
863
426
229
429
483
128
4
439
634
896
775
353
789
18
846
568
35
625
69
68
903
127
280
852
249
367
252
824
772
219
712
348
629
874
292
509
479
22
528
509
231
32
847
218
526
460
299
715
377
986
306
494
809
338
500
433
941
26
322
313
354
866
881
675
499
777
459
408
549
36
108
832
794
79
860
323
106
146
166
646
37
668
516
150
302
924
789
375
614
930
289
234
953
685
861
484
883
128
974
194
28
30
891
324
225
165
283
84
669
203
825
488
209
371
798
902
288
725
541
100
854
623
276
905
227
424
547
744
251
724
131
713
900
659
403
98
150
816
566
512
995
3
467
395
699
488
813
364
95
321
777
334
632
978
985
614
269
742
885
143
427
46
792
571
235
852
713
327
224
993
85
12
996
487
428
658
262
403
233
729
214
895
54
916
226
865
994
809
651
705
779
14
651
760
82
117
262
692
503
329
15
52
491
556
73
744
690
521
568
652
385
692
664
546
93
957
406
720
662
994
373
906
886
389
735
249
564
590
251
468
778
904
214
230
69
955
110
905
765
642
446
778
813
743
975
904
923
729
621
253
531
638
348
902
913
717
195
311
505
876
378
442
988
946
572
966
205
624
280
194
129
717
152
641
50
778
629
787
668
520
878
773
228
874
39
48
798
449
472
207
398
88
755
701
659
204
665
678
819
868
595
872
695
30
547
264
628
150
295
751
817
762
151
577
420
173
29
848
168
859
660
961
123
59
114
880
740
776
783
874
78
32
310
764
362
295
198
276
343
760
411
404
982
816
182
873
459
854
198
875
763
549
183
386
13
962
884
827
663
440
666
991
869
189
41
478
129
694
999
849
807
482
964
631
456
996
678
797
408
148
711
580
86
629
601
503
356
662
953
607
589
259
27
695
242
528
137
327
338
767
318
334
395
441
390
980
218
585
300
240
497
545
713
469
308
172
270
261
441
367
194
157
864
335
538
573
113
641
504
720
10
823
240
543
524
627
404
888
836
733
128
394
535
182
912
381
831
205
127
648
935
162
340
966
527
887
584
874
389
510
670
623
315
403
529
682
242
340
413
162
431
75
671
684
217
743
815
293
282
905
542
233
952
191
442
476
743
888
221
698
732
949
651
172
828
53
269
649
65
270
465
115
738
531
156
752
469
354
636
189
588
84
373
621
866
635
237
864
244
552
69
182
374
138
732
472
821
635
333
955
940
6
281
536
398
427
544
308
97
787
326
143
942
892
718
345
85
29
512
306
540
802
656
451
727
950
698
777
321
488
861
542
202
205
586
110
71
485
143
311
167
30
190
821
504
950
474
516
31
430
305
884
254
778
753
172
258
970
797
321
119
424
699
862
253
513
164
641
777
959
445
802
487
474
528
483
906
975
629
386
956
394
455
628
882
210
585
913
747
561
277
372
529
49
466
71
335
145
480
688
371
375
617
369
977
918
494
731
993
878
242
39
742
226
741
79
713
169
967
117
211
309
645
9
745
765
296
797
946
331
264
144
528
164
623
993
810
417
510
143
127
898
67
335
564
949
758
852
275
246
360
312
899
587
562
60
329
726
892
107
374
928
198
592
208
500
464
343
361
279
703
756
584
74
660
948
981
771
254
540
138
16
262
741
86
366
347
694
910
916
593
305
988
47
921
490
48
11
905
612
58
230
547
944
677
473
588
857
2
540
605
225
818
789
17
819
167
274
55
813
103
730
659
312
988
771
590
642
151
906
531
215
194
922
499
695
783
532
925
881
717
928
441
86
126
260
366
431
656
272
81
797
205
111
425
327
441
170
341
712
351
449
91
461
121
658
39
266
2
199
661
762
205
77
25
766
774
574
111
858
434
373
418
362
995
714
833
602
872
218
573
196
29
679
716
352
423
400
982
14
580
488
678
785
248
335
118
477
828
221
812
190
746
188
812
966
796
706
82
777
627
18
523
133
711
806
552
382
368
370
661
292
736
418
969
512
635
417
122
416
182
970
543
94
520
435
713
752
949
847
131
913
633
893
662
209
934
579
601
232
137
325
138
169
692
247
955
735
268
731
760
289
107
45
337
328
711
37
985
359
770
680
817
282
850
177
35
541
782
464
270
729
878
537
68
206
217
833
179
1
810
405
244
365
123
558
588
530
547
46
525
507
78
530
583
359
592
910
206
591
748
749
696
531
456
431
892
903
91
755
427
124
51
424
704
607
980
878
208
840
916
755
825
212
661
86
492
174
983
307
608
604
969
510
967
247
397
735
339
157
532
170
466
57
960
6
166
520
473
510
51
881
42
419
892
725
808
593
744
896
755
659
639
944
755
626
665
583
555
130
301
590
240
753
227
113
60
974
413
738
235
275
989
896
595
465
998
340
594
880
384
239
137
344
411
400
507
937
378
310
222
459
81
247
289
38
999
788
784
151
66
808
760
870
984
133
850
979
688
17
913
363
996
779
495
617
854
989
436
642
332
24
817
731
364
284
269
308
585
786
170
652
256
992
984
917
450
607
958
536
865
288
233
4
89
972
122
133
647
273
572
560
641
174
305
286
601
914
529
330
79
607
373
947
221
735
974
172
710
574
462
194
585
93
801
442
657
870
548
91
525
525
269
282
766
437
418
267
779
758
913
144
837
794
379
785
318
145
671
535
637
490
878
603
734
289
661
364
911
792
410
655
543
843
458
208
734
567
186
637
136
584
287
778
335
819
290
462
760
621
205
336
230
587
284
235
23
141
865
395
366
64
981
926
870
261
152
524
952
898
369
491
24
195
619
261
533
102
155
122
292
511
992
392
79
507
679
6
943
607
972
242
301
294
422
356
145
567
191
632
759
111
179
208
281
698
242
28
985
386
823
703
93
198
156
227
783
212
870
135
475
294
893
930
891
548
757
197
631
841
57
805
287
19
471
385
579
62
759
732
326
196
304
493
343
228
203
326
735
776
476
17
677
768
889
208
105
8
885
724
975
241
13
690
539
90
54
284
103
452
205
940
563
146
550
71
963
109
999
17
716
261
491
981
676
365
485
701
708
712
13
78
270
199
958
516
991
606
406
317
906
986
829
450
151
108
673
206
430
166
856
898
759
407
779
787
718
813
751
323
335
696
98
568
624
187
544
539
182
178
441
843
45
302
370
979
970
379
368
769
842
685
621
864
681
99
339
112
662
930
797
832
845
341
636
272
769
445
368
129
73
84
0
521
176
38
365
414
465
852
378
293
781
859
922
139
33
535
618
488
817
468
6
630
644
45
575
385
989
4
549
847
604
843
906
724
213
79
843
215
672
743
78
607
760
117
461
587
63
585
589
646
350
177
65
330
456
199
949
447
131
874
302
355
189
333
332
681
410
365
678
989
25
595
339
165
266
815
91
918
983
213
490
152
302
938
198
541
894
633
111
99
980
591
449
108
430
329
509
857
480
649
933
479
556
769
494
930
953
441
599
476
767
958
721
188
829
518
675
761
204
135
695
139
288
244
308
136
4
672
776
759
453
467
509
415
301
811
472
173
905
983
852
887
923
699
353
643
755
815
387
35
888
320
848
349
574
180
488
904
784
191
600
928
261
22
388
892
58
892
498
246
40
207
861
858
839
222
466
378
307
903
846
16
657
197
191
346
102
272
48
842
784
861
881
665
504
365
198
590
337
302
907
665
338
578
747
111
33
247
438
137
554
917
817
118
912
28
658
864
153
754
383
753
798
53
242
586
493
849
457
283
852
205
184
589
859
278
491
673
27
312
928
381
113
395
158
0
625
947
585
263
886
342
38
693
825
199
457
328
755
748
296
246
12
13
926
853
940
24
520
920
573
384
674
138
816
672
429
810
110
685
385
509
339
905
530
56
852
958
793
514
996
994
958
418
790
693
670
449
40
162
39
979
281
607
494
372
836
734
51
264
596
291
351
677
968
155
840
107
645
642
19
633
447
558
400
928
35
982
621
491
615
668
279
613
568
826
817
356
487
259
845
634
599
918
78
432
650
625
718
144
998
199
76
769
232
855
100
832
469
6
754
988
325
801
459
419
660
989
469
680
306
460
786
90
117
114
373
909
508
990
202
30
130
704
755
701
638
714
718
787
243
428
974
508
755
687
574
776
766
639
715
914
147
865
286
838
117
582
175
722
736
67
599
692
575
518
580
296
732
604
613
142
946
775
963
665
822
421
296
102
647
388
979
814
773
680
360
726
876
885
982
242
602
762
713
570
744
109
204
516
231
862
133
329
374
181
375
609
596
38
237
665
314
883
561
17
868
924
974
132
192
873
260
448
807
205
94
343
916
374
15
541
526
724
738
321
483
63
990
695
888
711
27
181
669
789
763
885
754
558
838
931
507
317
176
560
799
388
423
326
908
957
47
289
241
361
381
875
243
697
423
913
72
172
939
719
514
650
692
164
322
646
408
220
559
445
246
847
597
215
330
253
872
271
769
758
930
664
410
846
293
628
860
432
293
621
772
556
888
842
707
76
66
364
918
926
34
622
469
857
441
119
679
575
837
339
513
267
544
936
453
840
694
428
763
653
126
528
800
101
764
214
297
276
828
958
308
494
29
562
491
429
469
237
337
203
651
483
797
210
865
321
311
458
330
361
963
179
855
824
162
924
219
170
510
759
480
530
364
615
672
586
494
333
135
556
995
349
977
205
949
756
184
280
850
10
616
91
474
147
588
49
803
663
384
550
474
656
679
121
720
808
913
607
675
430
873
19
633
457
800
63
374
791
76
380
80
384
928
380
53
853
257
862
833
535
124
146
96
753
353
868
863
949
520
158
687
725
148
903
329
984
660
232
410
22
358
828
313
140
315
325
360
908
475
574
524
876
345
715
421
699
246
599
5
111
85
313
917
795
360
587
629
292
49
598
597
946
665
56
931
286
409
679
711
832
581
419
413
582
452
568
376
295
488
419
597
952
633
494
303
449
389
306
770
75
28
483
822
72
424
35
763
666
101
302
754
620
613
361
819
676
505
210
52
91
357
824
1
46
187
855
171
506
27
285
539
528
250
630
542
444
134
145
322
962
270
674
380
798
663
25
53
223
465
37
780
225
841
630
537
656
783
189
60
26
429
63
258
368
104
287
327
213
919
238
281
873
464
722
406
802
582
386
537
321
962
671
687
557
554
646
428
807
865
41
269
502
449
367
27
498
108
348
147
264
828
642
268
487
845
766
506
505
654
967
844
976
242
421
993
195
431
778
926
107
976
147
314
188
429
786
631
246
775
983
82
969
64
911
678
411
336
665
486
400
556
608
529
571
483
497
403
480
350
917
812
528
317
564
466
24
657
882
205
436
232
971
142
380
322
121
877
990
697
231
163
260
597
602
104
140
740
430
224
166
853
332
703
33
452
459
954
506
113
175
403
861
751
582
564
674
566
710
864
135
370
832
696
542
214
554
378
357
478
546
79
822
521
196
811
369
133
238
127
826
256
383
461
592
734
499
870
554
972
565
872
660
314
190
558
467
678
629
401
623
103
142
550
279
963
911
946
295
622
526
341
530
513
329
744
105
95
79
643
418
316
969
103
127
43
305
603
215
31
442
284
183
160
674
362
100
613
49
561
717
615
90
562
81
811
200
159
780
873
372
884
921
716
741
736
225
427
654
528
448
527
913
336
813
415
507
103
858
766
863
555
948
548
64
205
218
632
711
695
155
504
364
957
741
372
995
66
334
496
261
129
317
904
309
484
839
542
718
206
844
108
506
689
177
527
776
282
68
575
107
136
885
906
139
134
154
878
179
231
967
722
19
948
57
43
923
472
331
627
388
191
373
895
126
134
56
562
414
208
821
811
434
732
370
677
243
20
417
752
312
264
529
122
676
54
546
14
300
609
652
165
133
47
391
740
129
763
195
237
586
724
521
23
565
512
202
266
756
817
340
679
725
871
254
233
361
348
417
869
642
914
934
5
450
59
955
712
725
702
60
407
785
671
90
584
162
539
311
838
202
892
572
820
158
68
860
136
237
344
892
220
995
843
398
813
88
243
52
618
932
709
923
90
376
682
102
236
622
64
110
909
784
649
281
17
199
196
900
119
676
156
783
953
185
81
207
177
852
553
527
769
375
956
496
700
575
30
481
946
395
904
429
928
574
603
243
691
413
92
316
944
558
289
424
928
923
222
639
223
330
749
520
297
328
860
243
102
566
645
638
427
903
265
755
142
104
321
757
640
896
90
448
630
775
198
678
62
67
23
506
348
984
359
503
997
314
253
901
428
931
880
186
269
729
451
395
95
14
833
216
152
622
515
483
179
425
419
262
401
255
813
49
24
774
440
627
276
872
555
853
788
10
49
671
520
673
642
122
687
77
40
875
871
872
274
866
659
803
250
256
220
204
270
391
717
960
63
241
62
769
982
513
15
80
525
436
689
820
822
745
694
830
249
361
67
179
378
137
588
207
410
765
912
540
795
560
230
882
806
258
931
467
364
289
11
398
636
5
255
832
547
302
171
604
550
127
477
23
193
589
388
388
166
617
876
185
631
673
126
861
198
573
283
435
92
239
462
995
468
644
526
434
151
1
896
348
965
275
898
193
215
851
909
482
257
613
874
556
320
923
415
139
935
996
807
0
296
342
739
639
602
850
929
129
731
643
918
605
257
427
742
111
95
281
854
20
128
926
911
46
954
329
129
193
745
38
177
123
484
258
318
94
597
899
27
664
344
101
244
644
871
870
257
154
479
190
838
912
547
512
989
95
298
646
610
318
163
529
893
839
164
554
412
895
939
904
191
452
834
192
192
848
503
151
553
980
336
380
505
613
791
44
806
502
951
287
716
760
883
239
859
656
314
965
357
960
668
510
603
652
348
418
884
158
644
191
272
72
222
569
988
460
227
988
884
377
277
76
464
362
875
16
600
302
946
278
790
499
485
432
71
81
700
303
822
554
856
800
573
804
728
438
292
935
453
311
851
122
82
582
240
476
750
14
324
458
12
896
116
44
381
259
964
549
508
603
37
10
886
209
658
585
383
432
151
187
340
666
150
951
365
575
373
681
156
920
323
14
695
541
506
204
634
511
640
582
726
574
963
135
738
766
763
285
139
418
389
516
281
848
239
210
288
737
214
804
254
569
302
498
468
409
449
860
445
129
438
783
296
213
787
448
208
655
754
638
279
73
201
29
66
298
698
826
804
643
765
98
852
94
512
997
783
661
353
503
515
207
132
91
930
554
150
248
603
44
567
111
137
482
759
793
806
639
413
831
139
308
670
267
239
948
887
706
582
685
373
944
343
120
198
784
93
185
754
529
774
465
446
92
10
701
565
647
189
874
839
807
518
117
485
400
831
530
134
499
2
561
402
22
725
800
459
123
311
972
573
364
104
948
370
755
56
666
340
157
9
508
855
932
92
998
3
246
715
844
914
87
915
731
230
212
169
23
135
380
587
35
409
875
70
63
443
768
512
476
424
342
97
233
317
453
534
787
628
676
111
429
91
947
715
173
586
64
963
117
922
312
282
224
30
548
210
291
755
33
334
124
606
190
835
262
986
866
14
918
70
804
199
720
614
208
891
193
162
965
789
430
917
669
132
638
922
872
129
835
813
386
464
268
721
704
414
303
732
497
459
626
317
109
303
654
966
827
267
515
315
508
729
498
48
330
770
43
775
701
322
75
229
943
470
368
522
988
667
921
322
689
355
50
715
516
739
681
165
433
62
446
872
373
470
930
823
770
539
261
653
917
465
557
449
587
267
214
86
15
711
395
149
858
175
589
30
744
144
953
506
404
744
116
559
77
166
485
919
930
385
159
663
563
237
219
194
692
946
430
261
862
499
176
261
574
39
237
895
411
756
457
874
71
659
113
887
40
919
272
93
778
147
821
753
783
920
522
225
121
873
465
845
524
997
677
895
816
95
164
128
620
645
303
981
516
129
81
902
76
557
601
164
344
805
83
463
87
384
334
61
556
422
521
452
869
742
604
55
188
63
506
66
426
919
259
960
857
802
451
700
662
490
25
471
76
163
733
726
866
304
903
532
332
538
843
395
545
347
932
490
427
670
501
481
437
964
438
709
812
696
719
637
389
446
79
953
892
719
212
660
811
534
546
137
64
898
278
616
156
238
377
604
300
955
215
265
119
842
568
824
659
728
223
17
563
782
878
193
575
81
806
7
113
2
571
821
67
626
578
572
366
17
922
58
404
508
420
836
389
172
382
764
283
652
863
969
418
292
417
847
445
432
18
486
333
250
437
203
955
748
676
858
101
182
357
60
136
644
666
675
735
51
686
991
840
216
206
410
999
317
3
478
90
904
982
235
618
942
815
928
526
277
695
571
597
983
247
299
65
575
594
785
849
210
707
418
177
541
500
644
757
799
683
824
985
980
314
715
772
350
471
562
260
223
691
580
852
981
208
525
848
262
417
332
738
172
654
913
19
87
847
474
831
153
168
415
781
781
889
428
410
873
691
988
610
276
672
318
423
197
356
851
665
537
396
687
904
307
161
256
178
273
299
619
289
62
677
315
868
403
869
786
920
752
194
158
315
345
354
855
799
300
760
456
654
685
255
18
105
844
237
514
64
456
155
316
599
450
424
350
252
185
211
542
226
321
379
572
472
875
117
544
462
665
37
888
156
354
632
822
106
321
984
319
932
902
964
484
706
794
852
732
99
97
924
763
839
675
990
826
90
353
324
531
501
365
133
135
147
933
526
447
640
852
550
220
458
33
683
437
341
195
925
413
280
334
500
577
579
1
855
117
878
385
676
254
71
730
105
616
104
3
671
267
397
933
556
693
287
437
438
577
233
297
798
654
949
400
484
931
416
486
7
697
691
901
524
464
610
570
952
693
287
575
592
48
570
559
57
339
451
453
162
249
460
229
604
775
583
464
713
550
760
927
227
740
297
308
802
897
68
274
749
505
397
390
662
155
683
671
709
643
950
943
506
855
883
286
928
904
903
834
791
87
688
758
224
207
51
668
731
331
578
150
413
782
154
307
439
59
16
59
174
686
541
69
598
159
382
961
167
41
767
186
824
168
742
273
381
623
572
883
808
852
974
481
702
137
867
314
397
829
524
871
668
506
508
448
53
479
807
441
213
364
695
682
447
284
769
988
399
438
294
196
790
734
254
297
91
469
541
40
160
292
467
619
952
405
115
70
995
186
742
931
342
991
565
644
219
682
14
410
587
258
679
125
288
200
123
957
214
984
749
494
695
65
888
842
405
887
871
888
759
365
607
369
462
659
253
643
175
321
302
613
2
951
711
803
966
19
748
413
192
894
77
492
122
387
672
460
130
826
840
727
269
840
510
165
63
659
559
951
764
379
247
363
692
545
113
720
813
728
610
690
232
788
783
123
688
702
637
38
860
365
119
523
163
883
872
788
385
308
619
338
113
718
686
830
640
935
520
198
854
526
236
305
214
652
528
187
341
478
547
421
327
802
129
969
504
252
923
467
889
23
594
572
493
335
390
218
138
388
170
156
681
365
459
841
249
407
335
433
117
957
593
152
731
27
916
268
80
315
726
709
314
345
43
668
224
197
102
583
391
256
244
261
395
121
467
169
488
631
134
69
345
258
833
82
759
126
572
322
953
73
299
658
130
249
630
289
409
957
53
267
597
271
59
807
766
348
581
743
775
663
806
0
829
342
335
717
948
15
769
52
103
415
74
546
321
32
482
663
978
985
660
637
997
811
950
200
778
611
555
84
918
956
862
797
888
105
69
872
936
254
535
192
965
180
433
786
852
865
554
384
109
180
988
311
772
536
745
829
772
871
495
324
161
479
619
68
500
33
96
470
214
1
642
649
576
767
983
481
419
999
817
978
484
868
715
339
207
602
56
987
569
952
232
671
557
437
656
100
10
616
600
397
59
471
531
593
563
814
127
518
826
387
99
129
316
640
566
52
279
176
492
888
617
35
384
458
500
568
527
596
676
978
473
889
894
660
896
586
875
554
863
348
285
358
189
358
650
996
537
537
671
97
987
62
302
731
836
79
475
28
28
35
17
647
323
894
76
505
876
695
230
956
746
899
709
268
394
953
883
442
955
351
941
351
899
212
646
343
345
375
802
402
480
959
988
651
474
317
764
702
394
874
665
849
37
550
321
603
593
53
357
139
443
222
83
713
920
537
343
575
948
244
27
151
817
936
368
358
466
155
114
70
229
697
827
39
400
730
843
41
156
288
128
712
143
306
116
941
558
770
276
630
424
409
315
708
880
775
437
499
644
453
824
439
421
919
256
220
978
966
45
815
845
599
56
197
92
472
575
732
359
225
422
584
46
424
577
813
524
462
751
131
315
150
582
981
379
380
213
568
276
933
89
916
235
789
435
11
481
990
116
9
337
792
264
791
739
705
553
408
44
353
200
784
789
711
196
55
700
7
867
192
859
787
307
906
1
652
469
431
57
664
311
685
39
808
450
556
11
614
763
55
951
465
858
135
546
445
780
571
635
967
665
859
139
833
452
110
557
609
480
480
39
617
0
724
441
64
125
40
514
140
456
843
183
6
577
806
132
783
939
645
415
685
489
411
835
507
719
967
667
424
756
482
750
361
708
742
911
882
475
14
891
774
986
844
441
950
636
248
420
865
975
298
632
969
609
96
993
195
872
794
634
295
310
163
920
130
305
201
77
967
394
189
642
507
368
685
787
286
148
550
440
377
853
262
204
99
854
518
591
828
310
269
362
602
299
376
68
291
601
734
567
448
559
987
708
173
609
351
460
760
721
531
745
726
667
153
170
628
765
928
867
894
183
926
189
574
676
972
910
214
267
116
856
238
124
239
42
0
750
801
916
468
49
925
896
918
886
613
577
349
43
617
405
26
846
810
895
150
566
941
695
190
133
5
873
893
531
11
438
31
552
451
796
755
189
623
353
580
949
128
469
875
125
290
334
502
783
313
267
97
972
684
575
851
312
403
157
165
310
544
340
463
887
91
856
965
191
902
687
327
667
751
271
7
367
587
908
566
894
782
184
836
681
540
940
432
844
183
715
113
207
391
822
764
176
606
614
653
866
178
14
484
947
212
697
787
769
252
159
63
168
888
673
990
903
207
380
170
854
22
802
641
495
134
127
350
663
256
788
22
759
583
687
885
326
861
609
191
981
900
7
624
624
985
866
886
535
551
596
746
61
971
12
528
604
941
525
10
10
824
105
91
290
732
536
460
681
710
748
994
166
427
328
167
836
668
978
320
908
724
844
145
261
432
258
908
847
9
424
394
586
299
221
213
720
602
810
366
95
580
712
292
861
783
317
70
100
749
360
939
360
667
155
963
225
667
429
150
746
515
946
635
992
531
298
241
175
16
782
993
137
443
406
405
772
666
755
427
724
191
973
255
961
28
856
955
953
77
201
519
791
785
19
180
413
667
25
10
543
261
569
382
45
520
669
42
609
58
947
927
252
689
661
248
673
749
273
483
451
9
453
692
221
865
174
701
705
797
87
163
154
971
450
811
665
154
269
386
588
466
350
719
344
755
686
982
408
513
724
358
849
378
620
473
654
135
947
551
198
521
407
513
505
162
836
798
453
858
778
290
235
586
463
173
28
414
229
970
629
781
299
359
923
149
950
172
827
995
606
21
722
120
216
804
523
553
308
993
849
705
448
298
85
212
923
683
934
442
49
76
401
344
375
905
821
708
209
324
77
191
42
278
750
333
852
147
681
489
378
848
739
289
886
831
381
94
152
520
830
479
883
227
641
505
813
708
140
792
569
632
755
409
312
284
934
370
722
78
808
42
746
72
231
533
113
680
368
804
85
891
807
156
306
809
700
941
748
861
277
33
1
85
745
49
349
554
730
42
651
892
201
693
95
910
841
299
581
282
45
94
22
556
775
520
502
981
743
463
295
95
779
908
950
402
544
84
614
393
765
46
900
314
917
864
396
481
456
918
385
362
477
930
838
331
125
560
124
984
473
406
638
990
961
955
340
880
320
205
643
662
326
679
476
900
141
741
549
581
245
307
58
945
324
909
832
678
300
324
92
953
238
958
341
896
959
773
673
801
37
526
246
259
142
287
165
834
604
996
592
302
815
143
679
934
250
86
825
277
477
185
644
559
825
696
727
681
141
423
359
577
630
719
176
464
910
975
825
406
65
500
730
751
542
230
480
391
698
305
139
840
84
926
605
939
841
13
233
633
315
204
390
970
705
945
546
745
720
375
903
811
528
846
26
793
53
937
549
901
813
652
366
460
235
803
340
985
590
323
7
64
360
489
55
42
344
801
494
665
226
449
125
6
400
761
94
344
385
235
633
310
361
505
619
578
522
148
312
267
254
315
940
463
840
239
203
165
476
48
430
777
607
232
88
935
750
673
315
132
109
313
230
351
490
957
419
901
185
716
70
589
749
507
234
173
896
629
863
274
115
84
190
603
893
135
668
611
215
627
991
816
499
789
861
314
148
331
345
590
292
778
70
508
860
670
295
619
335
736
136
542
772
640
951
326
816
621
792
475
316
795
230
436
45
845
848
849
835
326
639
633
850
198
706
365
459
422
238
320
943
380
714
735
838
639
675
754
595
548
486
655
940
885
583
179
429
562
603
602
227
942
62
365
562
674
487
796
203
164
61
802
313
710
402
523
390
859
531
849
611
299
576
451
670
407
94
500
331
80
693
303
238
629
664
819
137
490
970
82
692
950
389
202
681
90
220
57
996
366
436
936
579
996
914
993
686
667
671
764
382
736
717
787
483
8
982
623
357
615
631
954
747
789
615
666
880
129
193
739
477
809
140
111
671
256
981
584
495
681
900
827
300
428
368
714
897
663
359
158
163
610
5
700
186
909
94
463
449
770
612
751
382
942
588
26
911
153
957
25
129
862
400
167
96
55
817
342
952
346
567
529
801
320
431
106
855
979
445
383
456
428
643
49
566
233
710
721
888
528
151
940
475
481
620
925
606
118
19
758
806
729
841
778
813
830
151
328
611
892
376
792
393
93
198
560
300
8
889
1
995
142
121
141
294
939
357
717
206
765
598
384
977
57
702
510
980
500
15
680
375
32
810
798
623
423
263
10
176
172
358
560
311
71
569
420
994
830
541
651
868
919
878
301
813
20
683
463
125
419
449
534
121
409
820
159
671
743
873
549
779
328
236
403
114
215
988
67
13
818
834
288
233
127
184
612
433
857
551
257
930
954
929
936
897
984
96
676
5
864
862
987
883
129
831
148
780
582
839
432
197
250
758
882
258
627
730
902
98
346
906
748
254
287
876
387
860
145
941
733
244
376
385
972
930
793
751
524
971
749
258
698
504
493
402
259
791
364
601
518
270
901
356
819
900
170
725
539
789
591
288
236
548
907
875
530
224
585
101
978
574
61
374
944
469
688
864
811
789
267
88
281
746
655
208
457
374
258
503
849
669
959
862
500
32
56
202
557
55
119
730
456
5
399
858
968
888
298
748
435
419
270
500
216
936
432
903
809
520
232
917
996
150
248
697
514
609
321
208
302
74
169
441
162
693
506
331
340
324
327
456
192
815
917
451
802
728
501
706
100
255
768
472
278
747
899
829
867
345
953
701
875
712
210
748
151
81
899
1
664
484
912
601
353
699
201
381
264
852
404
815
812
694
152
342
2
960
442
172
438
686
919
809
433
838
839
859
434
408
787
469
35
648
141
285
818
218
462
269
55
779
709
288
170
762
192
423
858
961
549
434
392
435
432
520
655
429
978
702
84
793
973
101
462
851
351
471
258
714
653
652
532
755
879
125
704
638
606
667
240
217
12
119
433
365
78
227
345
875
61
319
951
441
575
903
134
748
823
631
492
426
711
135
484
178
355
217
323
886
281
680
331
367
819
503
878
191
351
292
392
419
615
953
114
593
513
888
781
799
857
902
425
842
697
117
666
328
756
556
103
942
697
260
996
215
63
833
497
791
713
197
651
344
767
782
839
569
684
339
631
902
612
988
380
378
144
325
404
96
226
48
9
257
715
532
341
876
68
793
224
34
755
200
958
459
890
104
849
648
316
37
732
722
606
663
685
37
419
271
420
896
261
147
296
775
103
194
196
576
701
570
972
190
540
262
570
67
444
629
728
241
341
548
38
4
504
744
323
454
905
567
991
551
809
102
807
982
407
998
43
233
194
6
616
330
847
187
859
815
517
948
964
344
317
807
720
648
999
317
463
512
324
910
664
126
634
368
573
290
48
706
164
846
960
260
911
833
494
957
970
272
286
479
930
505
668
587
937
254
802
989
723
140
739
139
8
791
484
813
612
440
984
817
221
423
584
707
590
674
232
56
859
902
934
961
893
6
769
998
940
578
315
846
56
611
630
519
995
584
432
378
488
875
69
365
728
226
624
937
370
540
65
524
344
591
531
993
182
298
849
413
653
780
338
540
13
253
64
407
370
614
220
239
839
250
336
840
537
590
684
683
191
331
202
550
667
560
592
709
817
37
870
622
999
970
658
252
418
648
444
766
630
987
869
58
649
262
677
71
261
837
959
756
714
179
259
215
620
593
648
362
652
51
802
81
207
679
306
891
348
900
668
383
949
302
19
162
22
742
844
617
869
229
523
304
623
188
15
454
339
553
552
573
635
11
236
67
3
724
672
521
562
724
410
792
234
231
961
82
330
197
86
344
162
759
663
300
663
375
966
383
472
527
29
165
836
925
420
761
724
727
671
985
69
254
136
679
767
286
998
865
85
236
296
903
456
9
877
205
308
112
51
415
596
736
642
162
355
393
480
158
207
754
584
771
139
908
312
373
901
247
728
209
9
990
506
745
789
0
791
28
768
602
891
340
44
523
700
456
154
416
540
394
647
98
713
944
140
205
822
317
982
131
447
839
106
745
675
130
867
387
398
71
566
479
554
960
8
950
173
67
398
562
435
665
811
317
888
648
204
227
853
981
893
524
45
435
154
638
366
971
536
50
776
412
698
829
347
669
795
429
348
527
894
882
801
894
335
69
604
57
914
216
704
102
344
306
46
765
213
903
998
451
657
794
104
748
324
489
787
565
474
546
745
965
824
460
225
563
617
495
165
757
759
510
280
907
310
159
185
24
901
965
318
582
482
73
771
504
87
876
842
71
295
354
329
57
979
964
71
497
456
468
799
243
697
893
287
987
874
401
584
710
591
203
665
677
810
538
707
204
412
154
684
679
283
727
954
238
943
480
67
133
206
97
993
217
189
305
503
280
873
420
711
23
956
264
107
507
555
633
158
278
157
627
357
207
520
626
76
226
268
69
577
680
674
766
893
335
198
741
555
255
127
572
659
610
154
687
507
30
466
941
138
522
659
108
852
362
23
664
605
343
479
877
426
3
473
519
846
770
113
288
71
127
521
509
119
413
239
999
437
840
427
779
164
333
938
381
268
911
176
680
882
470
56
232
861
948
780
370
850
462
780
612
141
89
453
152
303
74
774
573
918
762
62
190
847
82
954
587
985
802
863
184
400
920
532
177
492
938
861
401
901
518
572
577
344
698
872
593
289
700
502
894
834
247
8
378
978
23
816
252
151
822
145
981
974
213
543
240
619
958
114
136
885
383
909
464
476
623
123
504
970
992
377
209
726
758
624
576
791
764
972
237
461
537
886
68
717
863
885
498
31
522
407
263
577
800
564
825
746
475
108
397
274
74
653
982
657
135
12
64
414
714
640
456
808
58
895
730
986
614
735
72
92
291
988
817
898
862
57
172
79
937
711
608
63
320
975
906
541
13
415
772
397
753
408
206
603
590
956
652
819
745
738
91
863
240
753
685
253
399
581
516
667
20
259
109
2
688
503
398
657
376
232
572
689
124
226
874
962
19
820
223
496
983
10
425
586
888
158
283
761
595
942
344
959
802
503
635
389
836
363
793
691
702
965
808
819
930
956
803
381
562
774
743
220
118
61
135
761
977
717
946
350
686
990
832
166
980
375
874
23
21
926
666
291
941
829
765
947
726
479
130
733
605
841
442
533
401
383
936
975
915
987
710
310
34
987
82
987
462
734
537
235
960
730
820
274
937
976
250
690
695
475
961
810
691
157
680
185
942
123
585
343
301
37
207
876
702
470
78
133
521
854
845
518
167
239
103
516
205
804
561
381
59
837
788
34
465
791
292
724
511
862
997
334
396
471
156
455
17
885
158
811
522
315
940
633
742
2
380
754
981
767
218
574
941
197
432
688
949
162
843
614
71
884
214
628
398
121
110
934
359
400
34
450
233
273
663
406
225
178
688
207
167
653
376
753
795
444
510
773
537
207
926
241
297
711
38
854
605
550
246
522
528
591
63
203
894
637
460
173
611
457
659
176
689
196
675
370
795
322
723
628
405
26
989
614
692
465
983
611
685
599
630
120
599
511
346
306
772
862
899
124
168
972
318
499
245
725
91
379
945
354
5
318
80
80
471
920
453
442
909
50
125
684
721
150
59
279
64
380
913
113
591
307
375
216
368
716
297
424
33
429
993
792
697
756
793
829
144
892
403
126
901
758
659
448
368
13
639
299
614
972
92
171
470
643
766
688
993
99
277
665
400
653
937
311
374
738
576
269
533
354
971
150
196
97
669
573
863
333
516
543
937
590
433
978
224
450
577
745
662
246
368
402
764
79
285
765
618
446
919
597
879
970
227
249
524
57
801
610
473
348
130
227
232
883
735
957
667
664
93
630
300
944
280
542
2
493
469
487
273
143
681
295
586
85
342
599
398
783
289
610
699
341
630
560
207
649
306
767
387
615
865
928
347
721
633
669
743
102
597
722
776
69
272
453
703
92
964
471
974
951
546
206
903
530
860
413
779
766
773
464
515
96
218
104
667
670
89
838
546
656
112
421
976
464
21
92
248
450
312
97
945
380
883
258
203
651
797
161
555
689
106
660
504
193
839
282
432
256
229
812
34
485
974
209
868
103
478
281
658
248
140
240
243
244
24
684
757
978
983
530
524
46
501
51
181
566
398
874
252
998
145
855
909
639
194
460
875
33
877
189
670
642
457
49
245
936
715
22
486
424
494
286
168
427
722
226
436
19
703
800
340
692
161
225
73
150
635
741
274
731
782
830
385
9
843
729
558
287
454
666
73
800
175
588
7
591
173
474
116
160
130
279
922
144
232
457
859
872
45
681
372
82
86
608
222
762
169
230
835
110
139
884
715
136
216
918
401
121
63
293
975
81
13
127
62
114
306
871
182
238
71
314
270
822
90
732
623
284
576
595
471
505
882
325
22
940
545
114
783
910
988
249
924
673
213
263
444
576
219
900
664
991
955
563
628
259
19
660
298
780
520
948
864
829
730
110
6
932
272
298
870
351
785
10
617
665
292
365
838
710
102
501
615
834
17
937
350
522
890
999
549
577
202
169
849
71
951
483
439
211
975
854
942
585
905
278
867
40
464
983
108
916
249
605
931
941
87
643
595
575
893
720
421
732
513
657
500
356
983
324
317
212
151
330
314
908
626
853
330
875
680
361
655
564
275
347
836
541
169
555
294
678
722
715
53
204
168
105
363
804
849
571
974
741
889
245
754
214
312
734
20
62
189
138
461
898
76
654
922
239
501
120
44
373
483
747
48
141
320
806
264
248
593
96
500
604
311
276
93
991
482
152
657
647
389
363
591
492
370
165
31
957
54
531
789
787
405
131
97
443
585
480
397
399
814
859
364
134
828
960
401
984
913
379
86
683
275
860
672
474
567
579
808
282
83
394
228
857
284
892
838
873
194
416
249
911
83
561
120
556
559
300
272
721
46
855
635
848
357
0
345
890
302
600
262
457
170
671
384
480
230
193
895
12
997
539
649
120
458
780
283
128
429
130
709
158
664
953
206
748
850
695
204
59
112
518
216
160
80
989
273
252
195
117
493
640
171
765
842
966
562
742
487
901
133
242
656
204
281
479
103
488
924
849
902
80
375
722
703
137
378
869
590
782
108
140
719
665
798
22
236
740
9
61
585
941
88
502
44
468
769
911
255
406
533
530
142
872
821
209
499
997
75
109
663
369
47
78
429
224
223
144
739
49
975
371
49
741
864
987
453
883
675
930
805
545
133
96
438
611
29
739
613
672
275
226
944
744
748
578
624
908
24
630
980
536
151
43
574
839
247
989
116
618
227
6
188
311
652
810
606
940
634
310
184
628
941
462
353
656
78
205
806
890
681
863
247
563
209
273
704
827
954
670
471
413
158
424
724
94
253
786
247
875
97
354
752
94
933
943
39
744
166
336
590
218
330
104
805
168
110
221
554
727
320
816
791
691
497
431
990
705
174
792
980
320
16
470
377
404
682
381
429
428
576
874
591
905
621
163
792
971
619
604
516
155
234
166
556
685
290
687
910
291
29
836
918
668
174
807
579
552
174
732
353
317
618
926
761
528
847
499
542
408
937
692
791
719
662
382
614
3
766
757
712
364
99
891
784
988
797
738
860
825
245
398
61
319
423
660
427
532
801
746
992
796
363
627
292
892
764
536
742
164
424
76
375
378
209
403
398
678
864
836
850
921
966
403
742
317
835
252
196
387
517
748
721
233
934
369
437
8
659
960
707
555
259
188
491
431
324
559
749
372
599
146
221
206
79
840
541
733
636
453
653
411
288
485
125
882
654
567
43
782
399
631
541
110
130
64
868
892
139
436
782
13
178
15
591
713
950
159
329
412
77
641
35
491
522
658
858
488
732
654
431
541
936
535
264
156
898
846
464
188
729
34
4
442
571
613
500
317
721
371
493
238
676
478
324
906
985
587
76
833
814
210
944
978
644
468
664
861
122
740
162
914
183
371
702
296
862
264
723
379
629
594
621
773
996
751
297
342
585
37
810
72
779
527
201
312
637
117
163
348
473
516
375
75
130
596
833
651
523
505
363
139
904
418
855
463
768
811
190
115
89
67
989
322
551
813
34
379
435
277
362
407
877
974
395
291
261
402
675
26
243
769
353
793
585
489
914
873
705
796
266
39
204
352
630
170
157
824
604
136
169
323
386
88
695
622
781
29
52
295
956
587
518
620
183
446
62
463
814
404
914
746
298
292
773
882
362
104
193
559
119
746
758
914
511
823
356
704
995
619
214
607
771
420
555
196
347
26
364
248
885
275
974
303
502
887
288
338
511
77
892
549
245
654
172
181
433
437
842
811
855
78
175
882
752
337
772
358
160
971
783
430
737
978
731
988
508
28
13
278
502
134
725
136
838
130
177
121
873
459
607
651
798
41
233
365
427
912
52
505
60
659
491
369
729
976
816
860
458
933
47
474
163
152
81
218
451
67
861
410
528
204
666
518
634
670
191
911
892
153
191
345
846
897
88
985
669
354
515
49
454
23
557
595
357
703
782
434
54
4
81
740
587
319
953
625
135
932
550
343
355
686
581
666
493
756
69
827
380
297
731
824
178
147
153
469
762
916
854
470
275
681
816
62
659
154
467
218
560
318
299
54
234
866
88
501
675
369
263
551
558
858
812
712
497
439
328
344
808
609
872
118
668
491
798
734
591
138
699
698
755
426
375
946
547
577
572
320
80
227
108
622
729
846
192
391
628
964
750
103
432
355
680
28
519
974
372
792
134
152
62
407
137
507
508
125
368
919
591
172
127
940
574
990
837
382
446
899
932
942
269
378
85
320
580
639
980
754
216
792
151
224
796
6
432
637
477
377
759
759
733
245
276
955
493
678
788
679
410
308
18
60
824
439
896
878
831
69
16
938
492
706
846
612
32
923
477
101
764
548
99
814
44
800
625
304
935
186
940
366
451
995
940
76
825
790
495
727
630
495
206
735
994
504
145
537
706
709
873
677
331
838
942
301
941
134
120
283
601
629
477
849
351
362
555
942
591
688
31
321
14
125
934
48
434
848
572
508
292
419
704
370
779
515
186
261
173
956
850
133
915
49
977
476
662
754
218
846
104
958
145
374
126
287
230
574
259
475
932
221
903
89
17
691
532
938
564
423
372
59
836
305
514
104
856
262
205
509
148
626
550
952
238
367
756
264
994
871
632
331
449
836
181
775
698
597
740
894
493
554
195
40
81
572
324
518
159
127
135
971
781
802
904
574
219
543
560
348
750
836
627
324
662
678
926
479
300
742
698
787
399
855
968
649
16
963
598
674
104
284
455
945
95
204
996
655
731
618
153
335
206
456
245
426
43
935
396
994
847
41
911
441
805
664
929
560
245
292
255
969
601
993
375
968
726
609
673
270
997
656
594
139
423
532
494
362
38
210
702
860
412
157
58
883
351
525
570
763
444
151
645
267
635
189
374
493
846
783
689
894
708
135
106
123
19
860
856
625
15
787
861
161
599
962
273
897
161
129
753
565
409
169
170
925
963
968
209
12
814
300
579
773
655
958
831
822
283
175
544
494
677
892
724
915
809
379
18
868
242
242
214
479
76
942
943
497
939
312
493
337
459
811
333
428
846
818
537
115
165
402
65
695
746
661
421
446
47
182
534
23
181
933
24
173
904
722
93
373
239
943
30
24
80
50
646
562
373
663
137
901
616
401
819
585
453
907
846
614
162
617
308
875
423
717
607
164
919
222
6
418
977
807
132
560
461
112
74
618
670
793
976
151
693
211
494
585
249
615
852
545
197
275
589
85
718
410
308
956
972
406
909
116
809
147
82
748
216
898
676
566
613
702
657
172
354
978
30
163
219
621
789
50
705
449
597
411
395
385
971
854
74
658
940
8
176
577
724
779
107
8
988
674
378
492
427
834
667
882
469
908
47
208
326
664
365
277
489
816
56
107
893
833
29
487
328
451
174
391
767
225
375
401
761
453
435
65
185
250
279
197
477
200
311
316
58
87
217
739
955
604
850
97
541
187
647
854
297
705
349
332
996
929
684
840
634
84
484
403
864
845
370
549
108
768
103
433
436
281
37
976
917
934
457
851
513
54
369
403
448
29
354
773
757
317
324
512
594
748
249
356
645
620
551
40
510
615
742
966
861
752
23
832
292
543
759
70
17
373
940
129
64
558
813
338
128
282
350
943
338
422
319
504
93
839
432
302
881
137
933
983
138
295
597
21
233
311
459
595
418
27
995
638
369
446
625
268
175
560
169
354
244
565
227
943
377
306
960
451
883
113
796
453
602
521
974
119
713
146
243
235
363
354
362
210
80
336
162
457
603
273
700
820
372
516
164
24
39
418
473
779
847
906
567
270
151
210
481
408
853
120
658
220
642
417
86
426
689
197
257
552
921
913
589
603
392
956
646
477
849
605
603
725
781
809
363
459
633
956
946
205
96
928
543
328
720
556
809
894
0
451
24
958
458
784
873
987
233
734
502
763
439
24
544
971
848
477
733
703
673
278
915
557
353
544
490
133
981
585
890
131
399
606
130
23
185
766
486
644
377
826
314
825
43
441
383
948
998
273
371
695
125
27
880
463
746
414
417
525
746
905
632
670
385
465
769
294
21
555
451
542
790
522
675
750
1
284
662
388
772
262
980
48
685
386
177
193
909
960
290
956
317
96
895
876
41
242
542
917
221
798
617
40
461
667
266
202
968
468
956
473
701
320
254
593
699
973
198
262
423
14
13
955
735
144
557
954
701
743
39
767
540
363
478
995
775
43
746
561
322
429
31
64
854
205
995
364
903
261
223
352
884
632
542
985
732
549
380
266
9
695
373
165
156
241
812
299
722
994
387
951
772
817
599
367
318
273
676
152
846
938
120
429
77
624
55
71
196
201
475
467
708
904
610
8
615
712
279
206
333
689
452
238
440
932
993
505
867
469
577
826
517
601
235
687
443
693
816
507
211
640
501
902
131
524
446
613
880
254
45
226
992
660
583
640
130
878
589
607
49
367
269
831
676
83
703
71
602
828
977
840
801
626
732
984
458
502
168
338
900
302
802
193
455
242
716
192
643
951
945
937
450
364
423
185
995
895
819
262
66
892
133
233
305
957
218
701
793
152
915
293
198
266
293
709
568
992
483
592
625
814
7
907
482
958
994
363
190
736
97
493
259
771
679
474
310
569
116
944
156
681
378
517
737
663
192
736
288
177
795
690
82
253
559
917
586
931
410
600
342
420
453
671
345
134
468
532
771
905
960
512
833
945
664
439
26
939
934
800
141
717
883
539
968
105
71
795
706
72
692
802
361
508
199
227
397
900
650
746
677
854
793
540
561
11
22
913
502
768
370
838
390
766
338
611
660
721
919
729
127
681
149
408
742
791
117
249
756
188
793
19
419
264
939
464
386
124
611
642
190
146
105
339
528
275
986
142
584
862
405
365
205
439
656
318
618
498
850
76
440
611
675
287
363
389
814
141
841
587
76
584
844
900
700
957
938
46
199
513
916
169
846
162
760
10
900
914
752
320
827
4
300
123
649
784
945
657
476
665
252
44
146
629
899
892
549
670
823
317
517
585
527
837
567
194
903
449
984
327
574
51
372
671
488
971
271
856
257
271
469
530
634
293
626
658
820
18
975
58
462
427
505
705
837
963
675
208
658
729
882
283
367
200
330
650
810
977
531
409
625
541
347
577
466
899
696
450
868
119
134
462
910
757
812
964
313
436
208
719
347
201
483
521
175
576
732
673
171
516
889
40
325
66
573
810
657
958
414
230
246
989
530
113
627
907
207
711
635
96
15
955
912
141
896
162
784
868
407
451
98
893
923
996
359
909
131
917
733
816
94
588
64
52
968
851
807
123
452
789
955
912
788
604
563
878
863
49
964
316
286
864
918
850
793
157
36
111
991
118
679
882
869
253
277
808
58
483
991
70
217
724
952
919
520
943
317
852
61
488
497
261
469
107
695
414
138
680
277
5
484
796
703
403
688
432
313
272
252
689
185
690
491
524
398
425
668
882
289
911
724
801
485
639
693
71
435
122
291
321
467
422
615
488
52
589
762
467
284
630
719
109
203
432
491
340
825
283
847
137
398
642
899
571
929
646
309
948
309
79
279
822
779
970
175
937
359
855
229
371
581
348
926
314
647
705
282
179
667
987
494
68
928
304
465
430
474
179
887
455
561
833
504
50
889
716
253
477
608
262
777
423
580
497
473
363
52
492
538
958
355
400
621
99
816
755
455
770
640
617
140
791
534
250
698
527
513
369
607
888
480
655
857
939
549
705
466
472
96
319
949
112
299
153
450
172
836
882
547
203
269
530
910
869
55
618
508
796
182
941
340
645
655
365
18
242
935
1
389
492
89
196
980
56
339
812
69
912
415
726
204
706
792
433
850
984
671
560
739
167
35
935
73
444
472
754
825
756
67
116
862
371
848
644
322
33
5
585
13
821
468
397
325
320
961
98
558
865
642
396
358
228
0
643
836
814
567
890
568
83
97
449
664
175
911
506
948
233
968
351
57
744
933
422
736
602
689
356
289
2
579
862
600
168
295
156
117
313
692
930
346
295
396
164
565
790
18
825
13
527
364
835
411
583
458
145
279
259
744
782
458
378
717
465
530
146
176
670
502
368
985
616
935
785
466
420
233
74
142
370
286
880
244
560
51
770
380
179
279
781
206
634
879
730
742
593
130
335
998
822
824
889
673
30
371
592
888
995
815
601
56
268
638
15
191
709
337
356
510
703
82
415
984
794
886
362
652
376
23
482
572
143
947
992
82
17
738
90
96
883
374
651
568
531
968
464
399
464
480
431
593
7
225
638
925
634
630
793
121
942
11
577
649
879
785
511
844
558
622
562
266
745
261
717
722
912
38
146
74
876
749
15
418
517
283
120
239
812
240
858
566
779
18
201
946
984
235
885
660
406
333
489
2
855
513
991
156
286
341
126
93
315
898
582
79
278
489
484
907
399
893
916
823
401
412
429
881
893
783
740
186
644
737
485
931
910
91
27
205
85
91
818
549
846
879
385
307
391
658
527
244
138
537
140
279
564
751
522
161
706
446
225
549
305
180
405
448
782
970
921
40
612
850
791
865
453
85
193
73
695
943
501
386
880
8
460
342
566
132
345
561
654
204
149
369
49
591
961
171
839
228
0
913
562
353
458
895
496
669
827
191
418
351
977
986
118
163
349
795
42
192
303
797
737
311
313
40
185
88
650
649
156
349
876
997
306
338
448
713
839
90
875
339
325
439
752
39
264
3
212
484
889
554
418
596
564
87
690
989
852
67
25
594
592
665
730
151
147
162
837
190
262
727
883
510
135
125
385
842
920
368
927
616
160
222
916
564
977
927
552
641
329
989
376
542
195
20
48
605
84
738
39
151
931
556
969
994
544
54
79
745
654
168
676
793
544
527
670
582
948
367
304
299
853
878
706
76
392
328
958
431
235
130
728
463
433
954
846
51
802
119
622
416
26
895
761
122
60
822
113
354
365
228
986
933
633
664
415
501
430
330
596
676
332
107
523
976
489
261
337
416
547
995
327
963
872
876
876
434
160
300
522
490
882
173
122
394
944
70
981
706
236
911
531
625
136
18
375
142
790
717
521
865
220
368
731
736
369
209
138
822
148
357
299
146
669
771
926
427
524
187
749
275
407
991
955
632
34
247
445
844
207
184
93
283
463
249
585
915
770
58
188
727
537
868
715
171
242
172
408
365
159
138
710
568
884
956
157
599
49
45
913
339
676
398
549
434
967
311
618
181
144
145
667
170
631
735
246
366
355
363
763
445
0
35
344
146
178
268
257
816
191
53
196
800
380
383
142
912
807
781
352
149
745
873
753
388
1
351
356
467
147
978
643
831
15
719
205
279
394
513
843
351
327
173
148
102
805
573
420
479
544
588
204
544
140
673
157
610
112
378
609
998
423
400
157
562
886
343
91
456
149
905
413
462
609
27
60
703
641
831
372
893
930
23
357
288
881
13
261
909
304
965
682
229
939
692
26
730
943
618
568
251
910
950
618
194
993
648
380
392
514
287
994
656
783
96
706
169
19
85
351
19
606
125
757
535
435
792
928
377
850
655
952
332
691
737
57
644
476
531
950
256
239
387
603
371
929
635
664
834
24
274
708
636
891
617
778
723
651
119
586
342
269
46
652
195
653
625
411
637
937
964
988
131
146
260
509
948
272
883
408
172
220
611
732
36
509
555
654
195
658
714
404
438
880
695
737
49
860
140
576
947
897
296
615
465
129
410
286
767
694
609
785
767
313
328
836
482
364
50
641
45
288
436
708
554
554
93
6
107
747
871
99
447
129
258
450
81
966
884
266
478
98
334
553
525
700
221
313
225
630
359
25
925
407
48
426
903
409
750
167
875
630
276
275
964
526
358
51
368
49
673
450
468
26
232
747
441
439
186
933
254
924
291
139
811
803
422
89
599
666
45
991
132
154
556
866
786
703
593
342
990
802
32
319
218
370
90
709
626
214
243
643
369
535
968
822
72
975
264
757
13
370
987
753
92
452
71
329
939
532
765
902
321
454
38
422
672
892
284
226
300
190
456
533
227
494
789
24
324
354
859
456
501
819
191
741
184
26
740
930
307
17
349
46
348
601
504
793
353
798
738
28
988
622
579
726
651
696
50
380
352
616
202
447
673
647
918
585
772
724
408
849
744
739
915
659
399
398
878
253
555
631
764
804
569
804
44
553
816
981
468
281
835
840
448
637
200
805
344
589
916
638
633
219
886
930
723
346
388
707
22
330
685
871
81
913
253
125
529
614
713
417
941
97
324
0
37
662
206
653
61
601
388
55
267
746
638
445
989
448
575
737
787
270
293
933
438
130
804
882
125
834
280
797
115
490
333
922
517
545
503
522
858
437
24
167
795
313
273
953
432
523
296
490
722
691
384
908
431
405
449
850
547
630
721
492
639
150
205
953
578
775
267
194
986
282
607
780
93
713
886
752
91
411
927
901
749
438
378
77
8
979
838
752
689
427
356
364
718
768
554
367
180
575
510
547
456
517
807
567
964
786
520
455
677
711
539
823
238
971
903
48
910
455
720
574
588
967
285
23
48
813
724
954
543
576
394
522
389
221
87
773
483
964
405
112
160
728
603
68
3
268
55
896
389
424
619
790
425
565
966
933
936
473
255
884
629
577
302
359
546
821
310
29
404
695
353
989
238
46
94
764
15
991
370
376
804
252
737
598
933
316
58
759
488
460
611
482
591
66
287
404
750
597
514
406
188
644
691
947
657
506
291
770
853
13
942
468
586
432
238
850
973
50
313
702
473
430
970
482
77
144
92
700
129
149
913
4
112
537
45
805
521
711
343
471
955
374
27
830
903
567
335
373
935
238
828
153
309
626
119
538
28
703
411
691
863
968
807
818
714
352
515
384
598
581
333
531
64
22
114
754
456
737
596
850
785
105
280
896
675
883
407
995
345
442
643
433
683
306
625
480
789
116
964
131
459
913
423
116
511
281
284
468
587
595
726
653
60
103
663
786
927
578
530
44
218
710
341
0
577
455
232
290
371
743
129
958
476
811
323
194
5
948
514
39
219
678
599
631
402
757
881
562
586
231
682
381
12
427
490
679
158
281
0
623
271
741
725
462
770
870
389
616
752
559
483
987
722
901
715
138
244
352
348
804
962
572
877
371
754
386
476
906
609
676
572
52
120
977
533
206
141
355
995
843
911
270
555
225
123
952
130
340
53
649
349
59
695
954
629
343
157
415
416
403
704
230
230
546
333
636
794
536
205
122
156
308
586
425
95
620
383
458
915
759
878
439
971
960
403
540
114
716
272
716
85
12
73
366
636
633
932
366
477
616
205
64
348
761
529
92
647
641
373
878
432
626
73
21
462
662
975
580
434
489
622
35
89
82
670
915
623
739
886
328
731
928
94
558
868
632
651
398
455
315
496
907
930
960
970
508
676
640
526
505
850
862
253
595
32
779
38
724
426
485
150
332
861
571
827
265
245
569
754
592
553
668
364
588
470
600
228
693
811
494
559
146
388
725
731
176
277
231
374
36
576
33
110
804
937
573
753
678
648
306
635
272
391
661
838
287
622
784
759
519
75
499
46
830
755
917
470
746
81
29
723
11
270
149
158
87
727
532
671
406
784
343
683
47
294
358
51
757
773
610
882
497
129
410
810
47
870
881
347
69
423
956
594
489
916
300
997
222
69
442
317
988
10
393
400
250
660
652
176
123
263
625
976
625
584
752
801
23
794
704
753
706
456
949
575
718
124
932
482
748
979
644
489
683
852
150
914
305
817
391
265
786
66
452
269
165
112
444
542
260
949
553
426
637
723
853
309
548
421
905
369
737
941
500
23
874
496
228
592
15
648
563
299
964
176
759
214
327
219
443
453
54
740
492
46
102
358
839
883
570
0
423
516
705
304
559
315
356
683
760
460
516
808
325
676
57
431
57
537
760
876
807
561
673
442
159
815
177
993
946
168
995
291
721
872
106
296
699
173
955
382
254
282
337
725
490
835
672
360
665
194
775
159
994
822
871
798
664
315
485
470
178
740
844
177
58
496
186
662
232
177
374
258
825
514
82
695
299
985
427
766
964
889
729
127
170
731
109
294
848
522
836
248
332
667
324
802
739
751
704
223
674
897
775
108
636
624
692
953
906
894
216
732
509
322
964
171
198
86
553
174
44
600
486
446
921
608
912
775
142
257
451
141
632
971
197
420
737
277
202
319
805
555
12
842
19
332
821
507
308
307
731
386
31
802
91
949
165
735
446
414
196
697
67
395
814
874
841
896
136
924
934
31
48
931
417
608
254
769
404
587
605
288
195
683
233
420
618
962
904
484
493
824
823
785
113
985
123
419
417
643
963
936
121
879
404
205
967
590
317
595
492
576
592
440
956
143
504
896
835
728
723
664
280
629
404
313
688
800
671
716
566
631
107
362
996
770
862
430
927
214
929
423
99
563
940
399
563
727
166
411
365
969
953
96
647
698
29
666
540
447
843
88
393
595
175
858
971
854
529
627
543
886
367
885
885
995
449
69
239
112
368
512
549
76
214
223
783
763
930
870
942
563
229
800
267
365
666
842
647
730
425
190
967
323
717
10
900
948
177
450
160
414
50
742
344
502
915
861
877
901
68
990
653
497
849
739
230
7
770
965
654
961
236
45
136
690
176
653
634
865
430
271
283
159
603
419
81
291
109
815
304
402
157
92
661
537
850
405
835
642
114
360
532
348
303
16
144
677
853
896
207
843
377
955
778
307
800
229
345
41
153
734
853
79
197
858
509
498
2
794
839
769
291
84
203
11
786
689
472
172
436
386
289
137
132
520
721
658
911
155
825
12
438
634
548
638
843
141
914
397
14
659
376
953
480
25
832
526
470
233
770
818
457
450
376
191
587
121
544
19
349
269
641
71
920
785
698
546
742
423
2
444
632
101
167
472
95
470
705
211
707
868
145
406
99
182
444
683
233
730
747
419
15
751
778
305
756
624
810
191
197
771
986
887
587
105
392
750
469
739
439
558
478
372
276
374
859
687
407
547
658
562
739
32
737
248
332
669
872
519
700
100
802
325
52
421
292
25
246
132
527
674
212
115
649
676
241
39
198
49
121
761
119
343
619
117
921
634
911
539
511
726
516
74
699
237
149
765
420
816
216
924
68
117
709
881
679
520
883
340
878
971
6
439
219
589
566
69
766
643
412
907
879
641
309
948
21
757
204
624
465
816
328
139
494
863
784
959
515
743
53
861
692
345
611
341
456
36
640
932
594
555
989
178
751
272
99
85
326
586
120
311
360
756
297
174
107
108
654
536
825
295
905
606
522
69
515
185
757
246
89
401
763
105
593
862
980
418
915
81
57
791
359
80
717
482
375
698
492
299
485
582
21
292
594
968
173
568
93
775
380
223
333
953
149
399
359
906
247
959
739
430
857
889
890
165
16
315
946
783
752
35
835
973
895
56
699
54
8
423
209
46
316
999
932
221
183
968
546
423
961
67
824
260
577
490
63
289
467
458
891
130
38
546
210
880
379
214
293
966
482
40
840
843
227
538
762
500
178
18
515
397
331
926
155
275
170
873
658
59
336
940
108
160
872
210
15
908
636
475
791
238
380
732
461
803
328
547
77
961
327
667
101
172
552
86
429
962
365
977
758
802
138
971
940
847
131
609
275
961
10
637
991
146
30
76
998
997
805
265
829
555
467
775
222
422
549
257
651
82
419
494
266
441
80
346
132
546
286
349
78
22
177
683
231
228
716
762
551
121
29
489
125
793
65
307
996
59
826
922
612
195
650
544
939
301
431
898
121
166
819
138
437
813
533
425
132
39
315
455
117
516
224
352
20
223
242
899
361
648
97
336
693
695
150
667
463
754
134
161
284
308
559
125
99
824
469
737
528
835
934
978
283
984
43
461
952
26
219
993
225
292
732
918
456
257
614
867
806
966
235
773
734
449
252
509
972
882
556
156
779
52
245
775
356
885
127
276
857
429
11
271
741
155
131
907
995
686
31
90
134
678
318
47
825
276
593
202
852
763
66
336
477
346
318
137
915
177
240
912
334
115
379
342
713
995
857
974
601
62
597
505
20
713
428
467
200
672
542
437
922
45
34
152
791
630
682
934
884
716
855
380
284
63
820
354
552
945
595
137
871
462
492
22
342
569
229
608
196
76
167
762
429
913
6
266
96
104
927
653
291
217
583
364
545
808
973
166
543
229
228
684
283
331
342
901
738
460
782
809
96
218
559
215
429
729
376
890
571
218
685
553
374
694
879
384
262
88
364
133
998
164
487
223
380
416
321
223
528
360
816
255
928
350
618
591
169
795
539
566
229
638
704
772
564
824
795
198
288
100
518
92
977
763
186
972
42
40
193
745
931
366
374
458
492
371
680
103
808
676
312
445
94
241
741
267
724
490
793
878
818
841
358
884
813
495
414
424
918
720
859
970
563
47
975
337
229
76
215
750
695
445
36
991
420
91
755
399
113
669
950
363
64
263
548
236
689
477
3
920
415
556
630
399
153
714
462
688
527
189
896
797
904
0
554
283
591
469
648
953
386
640
884
420
475
822
357
157
613
5
630
193
184
370
567
751
544
276
141
193
0
641
103
705
265
964
135
106
302
106
909
230
700
569
335
922
586
433
937
269
824
101
914
874
467
34
706
446
747
725
838
742
866
352
956
595
280
245
442
887
325
934
754
965
900
137
47
280
436
220
267
865
220
61
807
750
697
37
419
87
385
346
157
364
497
401
837
617
551
76
468
497
600
157
694
106
269
154
774
440
276
28
612
579
825
472
819
626
56
336
930
748
973
617
606
715
790
166
599
389
677
430
295
151
860
554
998
639
239
193
149
504
280
788
904
166
498
262
280
127
43
302
14
21
550
803
400
510
70
198
98
401
50
441
515
873
284
456
124
596
109
161
182
810
536
749
208
755
884
764
907
298
452
528
22
726
883
836
163
542
696
476
2
62
895
719
606
296
662
435
983
68
544
76
115
850
267
343
682
423
741
47
393
47
419
131
480
604
421
613
205
59
586
612
226
851
64
583
522
41
336
417
880
204
506
827
238
446
361
419
757
823
212
155
114
12
393
719
561
103
696
753
140
441
891
666
780
540
303
550
803
259
695
289
773
65
204
373
66
691
553
905
191
1
247
543
161
518
301
266
382
905
149
0
872
843
551
611
934
4
23
86
910
676
575
60
925
990
641
927
534
184
747
190
234
605
380
43
503
920
856
133
970
882
652
672
515
874
754
6
262
714
553
514
627
992
391
333
754
129
572
754
218
328
613
714
638
31
552
360
999
273
425
475
827
506
399
841
458
784
323
96
391
539
792
145
355
73
426
6
237
608
636
728
942
524
531
729
339
378
251
499
500
666
285
116
776
457
292
869
822
240
904
609
991
29
193
136
561
545
639
879
762
843
299
721
987
66
12
581
43
833
116
449
484
676
462
475
422
53
927
309
35
610
875
742
283
312
750
765
762
608
352
809
468
437
265
166
222
556
385
419
327
23
414
485
155
466
27
466
339
406
663
144
57
774
743
647
177
384
140
946
623
996
602
346
749
155
517
818
829
306
970
31
142
815
990
621
477
859
97
102
448
846
673
849
485
790
265
286
44
654
149
93
619
846
18
535
490
579
434
223
831
389
862
74
192
758
329
7
876
707
315
508
552
451
518
297
229
555
308
895
172
461
371
943
625
505
847
467
647
748
486
90
629
658
741
433
141
828
340
111
49
444
270
417
646
12
107
233
865
178
871
510
225
550
991
772
142
493
195
786
779
696
762
472
939
305
150
611
492
821
389
32
187
981
895
530
836
773
589
353
369
250
726
627
712
871
788
18
874
184
727
123
590
907
532
559
589
982
708
409
252
858
648
307
131
424
240
361
111
616
287
283
690
167
83
412
481
575
638
986
497
278
756
56
777
823
908
45
409
128
642
85
838
437
651
469
308
774
151
962
452
786
783
660
361
967
485
239
428
516
317
14
22
788
412
796
334
859
487
96
92
48
870
560
726
152
325
730
319
365
587
775
602
2
601
116
190
913
929
602
539
507
421
417
67
230
823
443
785
680
88
977
886
296
288
218
544
287
702
838
108
87
239
803
614
492
109
739
104
664
804
194
931
698
516
852
460
902
842
29
158
252
675
48
238
273
668
251
90
712
23
981
745
481
719
252
754
756
447
11
898
906
601
838
76
378
48
638
720
881
182
425
670
679
551
403
627
608
128
626
427
247
180
314
796
722
376
867
553
841
569
64
346
556
466
105
771
597
500
198
62
212
134
634
850
436
112
613
798
268
592
16
51
897
246
52
756
488
127
281
649
624
900
970
40
278
624
206
371
999
594
739
732
142
153
135
275
94
531
462
140
718
957
750
772
538
848
839
44
524
547
58
177
708
659
409
160
910
482
790
179
582
919
518
657
703
131
623
946
244
566
232
435
252
669
823
215
492
464
78
336
372
93
162
414
806
537
736
414
747
27
333
192
706
834
553
932
174
12
629
908
966
988
918
683
55
43
846
126
184
190
943
626
705
536
163
468
953
267
410
580
977
227
391
304
529
314
869
388
709
466
591
951
516
155
26
20
344
254
850
254
457
296
833
453
99
294
738
6
463
737
154
640
840
955
263
84
698
199
182
220
378
551
180
466
51
9
857
196
645
585
426
482
647
248
257
772
280
151
33
473
628
961
878
750
256
117
348
499
932
124
366
147
970
146
428
306
332
301
630
967
992
784
184
469
115
265
898
619
611
386
529
925
402
708
840
699
368
517
827
49
225
122
657
150
491
940
844
232
48
54
185
935
9
698
165
603
923
456
650
165
162
84
235
10
824
817
635
202
83
163
111
538
521
900
370
531
325
744
996
555
607
762
331
661
595
255
622
211
903
111
575
344
166
240
99
357
391
674
590
362
700
549
754
447
894
129
843
119
529
766
964
258
207
331
728
572
612
464
653
485
693
278
1
402
865
80
28
499
372
235
780
90
190
33
507
805
775
933
289
527
36
949
425
113
604
367
675
810
633
437
46
701
378
818
932
645
227
752
293
449
238
405
263
108
83
599
138
484
158
721
102
575
51
685
13
818
684
64
824
962
57
946
47
918
0
464
756
990
241
992
358
354
590
236
641
371
731
516
396
306
12
884
304
704
689
668
637
91
575
479
129
369
423
637
452
180
205
454
393
626
44
927
160
386
799
833
425
731
46
907
532
308
737
431
564
545
315
689
69
323
730
910
554
40
509
83
261
533
479
735
309
784
436
780
658
29
584
545
195
526
794
153
651
827
339
763
849
960
874
477
719
627
489
713
433
123
902
768
831
745
483
975
964
733
16
378
390
306
229
342
464
413
95
819
437
642
942
4
91
259
115
882
54
254
955
705
980
69
629
602
462
432
992
409
680
665
687
313
34
632
731
982
317
657
313
415
79
147
772
72
982
993
512
314
313
521
277
25
832
692
961
113
229
51
498
621
848
31
47
824
721
906
897
774
657
934
118
565
574
402
69
803
752
468
657
718
482
188
448
843
353
699
715
850
827
62
171
284
56
59
490
413
178
410
343
598
125
880
480
992
821
417
617
48
96
357
567
288
555
30
178
206
209
64
28
214
179
221
781
703
776
850
594
586
396
234
0
913
171
629
649
687
512
58
212
233
208
631
592
56
352
912
136
24
869
864
551
449
547
49
942
721
270
835
467
630
680
493
445
946
576
775
368
934
655
352
426
15
438
196
833
466
206
300
118
108
519
907
642
344
747
688
719
968
103
668
399
739
753
793
209
38
234
189
642
898
927
711
314
536
307
764
336
143
206
495
763
254
404
575
114
229
206
191
414
687
481
237
10
628
570
667
231
29
812
365
894
963
610
424
945
517
89
938
203
996
692
553
999
66
650
946
623
255
71
269
643
530
8
28
764
417
722
774
993
683
198
879
500
362
525
180
374
450
706
238
28
986
336
474
193
594
43
98
842
994
838
449
536
626
673
383
514
263
201
353
88
104
248
48
549
210
302
88
313
930
118
794
865
602
539
793
323
221
347
342
609
206
119
38
342
921
582
329
308
242
399
101
666
888
234
356
71
258
815
462
545
274
707
109
120
558
840
247
22
349
762
758
525
908
604
966
317
733
553
66
975
429
709
76
222
994
722
511
0
148
810
902
820
677
710
280
455
797
344
693
103
588
534
367
13
713
137
365
915
922
909
467
65
373
481
765
934
370
117
502
352
363
306
883
601
624
561
4
410
711
262
675
153
427
923
363
760
668
37
673
977
654
207
429
142
967
932
66
570
494
557
141
297
704
470
719
74
544
986
154
442
828
28
429
194
694
85
40
978
323
864
974
80
425
497
224
288
642
840
270
59
739
16
48
797
166
521
684
279
429
322
694
957
751
821
986
58
159
953
677
445
667
530
397
996
702
684
12
544
158
73
447
737
79
267
128
641
949
687
935
909
172
658
359
819
388
27
994
515
762
967
251
678
761
446
689
59
554
369
754
227
688
912
870
830
893
683
642
969
267
995
146
491
192
566
168
675
203
646
620
214
326
663
475
355
233
82
319
182
887
379
478
413
109
973
14
901
553
534
79
863
388
762
501
951
169
108
535
687
834
651
976
254
93
259
623
493
374
649
922
694
312
721
894
184
482
755
389
282
358
604
378
808
6
71
845
487
707
316
39
511
173
638
92
863
536
494
839
923
334
861
947
17
411
416
440
102
345
725
117
667
294
295
23
262
974
492
894
353
827
76
860
806
179
627
221
905
196
137
275
641
318
820
353
382
167
188
78
588
447
780
562
817
463
607
548
716
678
21
598
788
875
707
348
183
790
282
424
500
143
144
746
271
746
578
467
230
114
780
600
869
35
354
904
867
239
278
490
602
986
252
601
152
216
512
233
427
941
530
688
815
220
628
256
606
332
0
862
787
441
427
302
855
24
54
241
362
62
766
474
590
219
252
735
960
627
436
994
691
508
883
857
212
491
144
107
337
279
881
296
647
964
629
726
449
512
133
182
116
661
980
367
39
621
453
470
526
623
376
816
724
409
310
657
28
158
833
696
881
0
740
872
934
332
71
261
833
57
163
716
27
879
652
3
832
114
706
683
409
276
508
789
606
308
798
766
150
691
868
846
606
463
976
332
922
521
76
116
384
416
131
910
67
42
392
759
160
643
172
229
785
187
254
169
627
758
109
235
555
290
870
491
885
378
649
177
143
326
820
119
561
166
468
870
662
410
897
222
467
453
273
751
460
427
7
150
357
550
399
369
580
652
227
541
280
607
14
316
529
632
511
348
907
226
807
820
864
307
617
565
126
132
273
566
779
472
68
28
660
598
98
644
721
252
234
356
866
733
863
124
327
27
298
949
490
335
49
717
481
933
249
468
786
399
383
574
689
351
560
863
717
351
141
955
11
452
639
766
528
415
544
402
388
774
102
44
647
683
171
200
903
577
667
198
841
281
84
204
529
491
515
585
964
2
433
235
685
86
256
941
619
82
454
81
206
832
599
225
275
904
921
363
584
133
421
573
134
948
574
729
161
664
260
727
247
804
329
282
353
211
97
56
746
424
12
992
250
839
898
861
215
362
531
334
853
906
869
191
995
78
654
869
699
332
344
963
156
989
540
46
85
378
792
327
735
917
878
875
643
221
524
970
797
360
756
959
932
449
416
201
213
328
10
198
959
135
504
724
717
551
416
902
339
948
612
275
867
822
879
581
466
536
345
528
348
478
467
276
559
66
876
46
994
360
437
802
49
537
216
200
645
640
197
747
119
867
677
67
194
827
648
733
823
850
56
729
947
708
170
581
799
485
922
772
634
498
568
848
423
705
888
979
979
936
844
19
432
805
529
558
949
12
184
292
85
578
876
948
778
666
122
966
766
447
602
730
629
762
604
766
588
462
573
401
662
879
353
157
81
383
592
670
585
165
965
576
372
458
863
767
987
319
419
789
146
908
804
167
254
773
748
247
3
735
511
448
621
124
90
959
250
826
907
518
901
241
575
28
527
520
993
956
436
20
101
760
578
500
305
780
967
955
177
86
524
280
420
517
168
501
183
322
103
336
790
2
334
688
180
933
973
108
254
488
743
208
419
417
853
41
122
434
247
205
242
32
481
705
122
788
51
294
85
677
37
935
927
648
377
175
73
199
642
505
992
600
534
586
371
544
637
591
28
802
397
730
584
746
744
85
848
781
807
711
368
302
140
140
687
316
660
374
340
263
824
328
622
978
366
875
138
173
413
548
862
544
100
618
499
947
36
77
757
916
181
614
83
743
463
557
824
644
792
851
429
160
640
720
410
731
764
706
927
48
470
593
796
18
772
648
753
273
988
905
213
595
960
155
862
297
647
219
925
197
456
944
848
34
693
345
645
477
802
234
281
115
4
41
542
983
293
107
877
350
333
264
225
969
450
976
379
545
999
996
236
570
670
10
246
796
848
422
382
661
577
811
164
896
363
455
416
593
904
164
778
466
737
366
827
347
609
636
843
946
92
209
955
930
754
161
972
528
211
640
983
276
472
536
63
163
195
395
896
287
278
607
599
428
378
327
496
585
800
460
853
26
871
468
648
888
167
402
344
874
138
949
551
738
860
409
352
857
466
269
834
235
478
83
918
898
687
891
208
703
331
169
404
323
983
331
662
443
642
405
444
42
746
888
810
985
71
870
606
824
60
990
149
724
227
330
191
380
40
554
825
354
202
467
993
144
434
794
541
65
313
777
694
181
191
574
948
278
851
906
895
906
551
201
84
25
4
919
871
242
880
115
636
100
563
357
527
701
59
150
493
728
974
607
378
333
676
621
810
780
996
974
520
493
442
167
53
58
786
219
945
782
26
207
874
378
289
68
569
221
26
969
577
486
672
365
1
362
22
139
700
880
83
867
319
304
814
604
960
354
609
599
485
19
125
879
92
62
0
189
204
816
802
892
43
875
367
307
529
472
591
143
711
948
355
611
144
792
983
434
612
315
954
270
60
16
458
129
306
420
841
768
757
537
251
750
937
938
595
874
19
314
861
25
441
803
146
708
401
348
458
884
759
785
561
948
881
189
988
439
462
706
82
925
638
740
250
877
131
825
21
492
687
386
798
516
483
852
447
497
719
739
361
841
498
938
759
811
315
368
767
555
873
532
376
793
988
156
182
40
297
169
768
18
710
20
738
426
331
799
478
966
218
525
120
65
888
856
150
465
7
476
555
558
4
827
905
676
920
312
382
432
936
611
221
356
776
989
813
743
13
944
315
785
946
445
987
58
986
372
11
421
42
997
961
320
735
76
467
589
433
294
131
53
816
312
427
423
911
159
190
703
349
482
118
356
626
338
975
586
36
978
106
668
660
578
538
50
296
68
180
128
175
874
353
184
515
530
224
62
25
630
340
591
823
307
282
580
620
818
822
735
15
898
621
745
217
100
674
953
718
334
243
771
352
653
306
488
879
730
954
170
658
976
415
507
245
855
705
32
278
574
148
983
248
34
710
877
310
204
423
982
352
730
422
381
849
9
232
486
843
405
5
170
143
301
395
248
676
358
342
840
964
817
511
846
11
910
988
204
547
76
516
999
24
287
878
875
60
804
189
143
21
504
871
765
800
514
109
768
793
857
413
49
455
903
776
4
977
972
435
249
458
690
48
931
498
636
762
812
822
172
934
698
999
150
630
736
779
923
62
954
880
770
384
812
870
670
408
123
626
118
471
16
215
245
674
394
128
628
22
373
631
948
161
782
380
915
240
94
313
431
475
703
382
905
724
601
311
537
344
761
512
39
678
287
108
715
219
379
879
38
258
124
183
173
173
19
289
726
696
502
695
666
660
774
256
19
145
277
514
279
328
83
979
950
667
28
138
644
172
992
255
753
177
787
308
229
920
753
859
370
304
144
736
377
53
497
171
726
36
492
833
81
832
203
575
404
917
679
644
331
932
794
599
446
252
361
265
744
358
911
347
189
112
36
131
66
159
925
107
452
296
593
92
598
93
560
582
64
711
332
574
932
733
25
425
752
317
288
362
395
892
950
810
229
738
930
394
39
981
35
767
192
655
464
938
26
775
577
347
644
459
380
482
651
534
700
696
554
115
200
14
612
663
443
506
625
701
358
455
480
452
725
102
991
589
314
865
8
436
354
233
198
148
147
66
39
144
123
197
753
527
541
871
443
855
777
916
160
762
987
144
152
154
382
407
169
542
286
88
572
135
733
19
236
379
197
494
136
845
667
653
551
300
844
569
922
659
703
125
498
395
865
213
120
49
909
534
262
475
426
891
627
974
480
306
580
716
759
910
887
482
254
262
725
300
394
815
855
1
925
47
361
127
943
702
5
983
199
621
672
525
864
732
222
47
325
458
61
730
873
746
64
215
461
155
176
407
740
922
599
582
499
205
715
94
169
446
416
237
493
182
69
274
27
222
874
260
478
747
944
842
495
195
658
270
774
571
497
318
581
528
690
284
44
191
945
779
27
971
300
893
153
364
407
886
63
314
351
437
880
415
464
928
971
466
715
250
513
13
866
205
292
240
920
256
2
682
653
887
662
228
155
100
114
56
791
575
726
395
558
109
733
301
935
116
388
868
991
648
854
58
751
476
188
740
460
166
448
502
579
250
912
124
572
553
470
462
52
105
900
46
647
56
372
8
740
921
57
792
720
937
864
781
799
904
79
362
18
301
921
457
817
219
831
775
814
874
466
328
80
344
500
977
650
257
638
217
127
277
82
484
310
773
258
976
379
553
906
64
724
585
757
964
571
606
774
877
441
409
84
8
506
279
797
677
978
615
812
257
452
780
400
920
56
360
749
764
411
506
168
958
190
615
673
270
138
745
565
132
90
900
127
599
425
40
694
265
661
431
608
74
646
302
832
773
982
338
159
200
247
183
97
253
263
112
93
481
969
175
10
626
583
117
305
674
503
554
424
52
584
6
453
218
649
887
168
845
513
745
311
876
390
432
765
30
153
440
992
428
911
806
338
534
373
975
611
711
327
60
490
314
59
338
703
189
638
223
147
264
270
380
393
284
587
641
275
904
140
930
109
26
943
417
344
715
502
879
911
771
602
62
998
387
409
153
158
429
910
323
176
957
895
955
33
342
274
408
352
709
370
979
896
662
144
819
518
58
615
620
921
583
134
267
832
758
689
64
528
137
66
781
437
558
329
747
285
412
622
914
248
585
994
534
198
239
599
635
740
740
195
664
219
775
263
632
417
35
671
313
210
666
332
726
787
402
68
825
527
910
915
567
400
191
135
869
906
837
65
916
93
370
407
441
894
385
537
691
118
13
366
31
156
370
623
364
122
455
678
739
533
274
513
808
971
150
33
940
480
737
834
48
807
795
453
366
911
584
468
927
945
943
428
592
385
260
752
490
624
430
835
108
649
120
578
681
466
828
841
88
370
239
485
226
536
737
571
796
456
875
75
709
846
595
980
444
909
392
505
518
992
138
830
436
95
2
144
58
753
693
616
342
406
819
297
884
571
364
141
307
655
750
380
778
379
838
991
358
783
37
65
248
982
924
155
349
124
355
610
372
106
596
184
98
618
427
923
680
136
792
607
171
493
621
106
74
361
469
630
540
327
55
484
745
504
216
204
635
976
731
947
508
57
381
423
65
294
86
132
532
550
108
294
365
368
430
189
949
686
175
862
545
910
680
496
383
264
162
277
427
864
155
124
748
18
555
282
217
56
50
22
445
887
127
879
50
454
980
428
179
830
517
715
416
593
970
142
106
490
243
458
704
149
336
87
209
143
492
585
415
811
411
245
616
818
150
157
740
733
533
760
435
801
641
103
311
449
816
181
61
706
505
391
900
941
449
389
593
573
408
256
541
407
434
626
779
441
980
846
319
174
321
327
82
324
323
254
664
567
601
873
86
740
73
741
469
969
535
940
195
90
698
407
569
450
211
52
550
678
872
73
509
929
181
936
439
457
257
668
982
335
896
66
492
668
119
818
759
991
51
950
319
931
727
231
45
459
536
723
122
251
381
674
829
268
558
841
663
439
783
536
324
286
887
831
960
745
528
276
49
814
3
530
89
8
130
431
940
76
133
314
678
350
127
50
649
574
95
324
830
714
678
235
449
471
683
393
478
928
32
174
298
755
849
806
129
656
459
374
701
595
205
119
536
299
975
802
949
991
241
651
500
966
895
31
947
407
578
842
432
316
499
272
842
285
594
449
721
453
871
883
396
33
388
466
209
393
217
909
580
490
184
961
212
880
909
135
527
361
272
790
139
882
539
676
463
241
20
94
525
604
473
89
874
661
197
529
430
14
729
215
120
530
101
581
537
32
246
506
114
418
847
252
22
465
569
377
925
867
512
870
359
944
243
252
749
409
166
976
239
771
637
423
909
796
244
675
257
527
26
159
871
345
14
299
558
695
2
121
705
839
643
840
835
469
31
974
52
136
265
207
729
83
79
78
539
297
373
283
848
740
374
454
469
262
65
816
497
932
106
254
464
79
777
585
366
445
199
447
981
852
470
788
75
331
927
996
289
599
434
753
324
976
285
521
799
170
336
670
682
457
313
973
974
710
751
782
483
223
101
708
326
293
523
734
466
653
258
714
618
120
446
997
623
738
666
347
36
486
891
764
296
632
835
468
442
960
318
355
31
723
450
578
905
479
397
629
450
74
693
762
638
766
872
997
835
410
25
481
497
200
690
300
195
974
770
705
989
456
346
81
377
859
363
958
183
746
853
504
884
711
497
717
222
903
604
812
17
92
279
816
166
358
490
499
708
156
248
317
932
42
56
62
666
357
533
610
956
578
164
299
373
759
148
654
118
564
282
563
238
319
919
925
118
648
469
930
18
564
25
596
607
75
902
507
951
299
826
834
697
963
78
495
685
593
921
284
302
827
500
424
665
676
737
983
200
822
970
915
454
315
603
607
177
159
174
293
893
903
436
256
575
59
929
374
979
301
917
600
671
500
617
718
14
270
306
416
300
618
928
368
826
788
241
705
568
648
900
987
211
735
526
305
468
342
530
638
520
759
22
120
761
773
838
742
356
956
150
281
846
778
946
466
338
49
767
908
226
955
312
534
380
373
907
338
876
393
328
396
113
828
420
539
408
981
977
714
806
848
794
420
716
307
411
318
255
433
440
557
230
40
322
422
171
185
883
988
909
741
745
908
298
521
116
187
303
710
277
798
360
957
380
81
819
889
818
540
883
523
743
108
530
655
536
316
260
2
356
188
326
906
692
99
404
702
428
133
11
356
499
995
394
96
849
166
600
222
81
547
528
282
371
865
159
199
533
592
736
190
333
883
503
989
60
282
595
725
617
595
854
633
815
468
762
420
5
518
880
978
468
322
439
237
296
548
888
669
282
434
761
249
388
59
878
490
106
351
959
758
241
776
772
775
235
330
510
416
320
986
823
529
118
469
89
695
939
126
342
214
749
847
731
394
420
718
737
82
622
263
682
80
286
999
684
722
431
704
130
900
786
653
686
178
532
619
226
742
759
605
396
24
854
687
217
860
540
837
703
878
750
304
649
282
879
660
799
0
802
828
597
66
86
889
285
167
504
148
891
773
423
488
675
52
162
507
544
771
103
954
428
478
39
862
391
296
282
196
172
414
838
794
396
171
879
860
670
785
59
116
78
442
547
343
309
590
854
335
536
688
130
388
738
691
138
267
815
797
693
424
374
6
8
646
172
941
45
188
89
442
484
493
571
159
786
592
425
177
349
472
321
717
103
0
91
495
223
539
648
44
609
713
740
212
953
318
407
649
517
109
696
903
391
844
704
184
238
235
313
688
92
692
27
822
476
265
700
762
630
84
2
709
841
771
312
827
504
656
301
964
506
473
606
814
835
427
829
202
926
377
762
553
797
740
662
974
630
806
151
594
864
881
470
369
464
308
229
597
466
350
92
717
706
369
365
840
476
574
209
45
487
772
372
182
839
161
531
173
355
384
889
451
937
980
827
283
414
231
862
352
263
305
545
899
449
284
297
848
404
509
241
301
559
581
313
830
304
11
993
758
432
904
801
551
442
679
890
463
606
485
35
821
416
791
456
598
558
583
143
548
269
46
113
49
458
49
546
556
727
535
935
959
844
708
351
788
489
7
877
581
318
321
734
393
462
520
774
520
439
553
395
480
489
35
429
778
828
825
166
220
45
369
283
29
311
424
161
777
661
735
335
60
368
694
698
598
859
571
669
488
523
715
894
215
163
73
458
369
692
846
166
777
628
694
884
249
577
546
469
201
185
891
372
1
460
765
527
149
675
848
718
115
736
835
613
97
556
985
872
719
186
637
567
516
695
37
760
964
788
487
667
342
746
553
69
483
137
997
133
895
857
352
532
254
354
400
259
573
496
863
446
398
650
768
430
193
611
363
133
176
461
492
639
886
841
539
341
79
700
987
215
745
164
955
164
533
762
778
702
209
77
754
950
971
115
544
515
57
917
431
598
293
269
877
293
142
92
840
42
711
493
619
629
251
31
50
351
793
723
68
347
203
900
235
987
534
319
833
43
741
929
434
968
182
456
709
514
613
401
588
518
709
652
615
411
318
741
322
914
336
252
38
107
645
217
878
869
176
667
450
200
78
309
752
87
210
667
689
717
119
179
963
73
356
668
424
562
321
698
841
166
647
583
97
40
952
52
526
521
533
335
123
881
343
784
46
318
777
7
311
651
42
823
163
654
45
888
342
920
207
905
761
49
929
389
778
177
704
239
762
151
785
799
455
299
953
198
770
818
647
677
505
37
550
31
500
136
357
309
913
392
575
760
189
970
275
232
936
443
246
18
448
715
918
612
449
753
925
304
71
259
465
922
477
445
71
143
509
637
904
982
555
344
42
495
936
230
565
490
317
438
68
953
739
245
646
199
431
895
323
882
763
604
947
530
430
731
685
528
642
931
202
307
35
767
940
58
364
701
140
983
713
578
256
763
225
817
902
265
25
196
226
488
532
115
94
280
378
926
878
400
842
129
602
307
855
958
491
863
961
955
586
88
76
10
773
449
110
908
262
949
448
547
460
69
917
596
154
997
763
122
7
633
95
368
126
508
119
268
192
6
138
927
432
893
474
204
543
221
965
497
82
323
512
204
133
203
705
457
124
465
652
96
166
817
445
438
460
101
558
480
442
62
488
891
807
772
337
817
367
117
255
41
503
834
351
13
318
28
772
186
426
261
135
338
577
609
955
324
882
498
202
917
762
45
858
998
609
416
793
333
742
793
816
695
47
731
869
419
308
327
779
948
153
846
464
960
929
36
316
920
459
300
988
714
500
222
92
748
918
813
338
459
283
136
841
421
233
818
184
609
519
203
181
186
111
743
178
707
94
799
961
4
308
200
936
429
716
275
318
449
583
159
896
342
800
959
185
949
261
755
828
808
701
603
417
289
62
807
539
983
648
36
127
318
767
532
531
636
300
108
965
647
680
771
812
728
925
385
453
692
442
81
918
47
567
605
208
436
567
576
308
799
212
777
699
296
221
833
623
648
284
290
896
960
898
7
40
19
436
901
12
447
281
541
997
721
895
30
590
326
218
905
912
989
601
461
880
566
808
818
29
897
629
97
638
152
132
726
134
135
149
329
221
763
59
574
407
950
474
305
712
47
587
13
856
62
205
75
137
341
554
956
425
406
860
159
340
302
385
425
994
380
404
121
349
627
917
475
721
65
476
752
26
844
108
799
183
327
326
737
327
783
250
244
551
581
21
252
714
265
276
520
359
912
248
856
935
770
772
966
481
78
471
72
356
796
172
948
762
563
963
855
844
866
607
439
727
574
939
559
924
893
299
991
143
385
400
846
667
182
623
840
509
610
697
88
958
512
490
464
933
474
161
832
477
612
868
257
170
363
187
163
239
361
197
663
677
82
104
319
642
195
51
806
506
413
668
612
965
946
903
74
377
514
831
965
750
254
413
174
830
833
975
647
245
917
41
246
167
616
984
287
55
826
670
460
985
128
222
568
719
126
262
870
509
262
68
830
597
795
344
844
588
993
268
824
800
398
144
996
302
110
580
348
794
6
49
909
618
729
521
681
615
866
208
906
786
160
375
334
688
569
163
958
551
809
91
476
808
242
788
539
353
198
223
966
232
885
350
482
474
52
374
935
391
882
350
68
148
89
39
676
622
457
392
319
266
4
959
838
731
972
166
280
349
141
53
298
172
398
724
461
21
584
64
589
688
96
173
21
561
797
785
620
197
66
474
430
348
583
376
455
177
295
273
815
134
788
36
715
72
464
74
156
960
645
89
728
39
595
382
282
224
384
209
397
840
567
963
117
872
489
638
10
664
892
53
376
349
82
57
129
46
547
334
458
433
828
298
903
927
880
669
963
101
847
960
325
601
851
463
195
901
755
198
825
50
961
755
829
232
708
998
463
906
679
106
603
203
817
547
773
207
279
506
185
545
312
35
344
888
255
393
595
89
485
323
435
512
771
417
371
667
570
589
416
634
592
935
133
658
752
555
144
410
702
659
270
109
866
207
155
706
214
563
493
383
252
467
576
848
190
4
984
355
659
330
925
673
912
303
80
689
751
720
392
216
995
183
983
474
967
992
3
117
620
514
507
313
169
315
750
708
720
477
413
319
404
785
707
804
836
994
223
377
758
429
377
736
753
608
691
994
876
683
299
907
548
561
859
423
460
326
892
904
311
830
694
605
489
567
318
798
736
41
694
715
573
455
746
738
126
114
269
155
763
555
245
424
921
612
330
255
130
22
340
165
107
275
194
173
657
831
382
335
487
956
92
337
119
118
773
632
375
531
583
764
868
457
55
265
986
167
71
777
70
824
341
945
722
98
112
680
423
501
18
91
609
19
230
31
894
657
926
104
899
376
971
287
279
807
568
971
422
65
524
719
815
392
296
176
142
333
31
250
216
482
535
695
845
671
89
135
154
260
418
681
561
512
400
829
125
500
779
799
799
435
114
166
936
29
594
622
91
303
882
710
754
282
975
402
955
194
471
681
676
742
541
543
15
58
52
595
180
823
99
496
517
840
84
141
249
435
401
742
603
143
860
77
932
913
876
470
779
967
809
348
443
838
608
562
425
47
912
745
463
951
288
822
920
608
60
978
726
372
905
729
274
377
957
193
979
421
712
723
652
751
355
815
496
862
691
251
142
133
973
258
517
575
68
173
973
832
387
868
735
94
212
824
178
514
953
991
512
164
800
45
683
775
937
545
925
891
129
759
488
342
530
58
984
885
36
840
848
490
154
434
117
274
894
796
222
952
322
141
490
561
418
411
426
347
802
46
194
341
473
902
166
89
111
505
98
897
813
437
40
259
469
365
54
604
305
915
73
578
384
972
613
415
397
238
843
11
219
327
174
968
989
845
645
638
491
304
881
88
301
754
294
583
296
707
819
292
599
539
109
978
868
705
996
129
250
404
634
225
522
43
410
383
291
720
170
900
281
993
805
20
688
776
687
664
820
754
670
705
410
915
292
447
300
27
228
354
368
294
769
548
348
180
535
45
585
801
234
532
287
442
212
669
514
614
212
360
676
671
901
924
142
632
530
301
874
921
640
447
269
589
234
625
974
701
642
443
33
645
572
976
403
172
545
389
190
67
802
263
545
700
723
178
961
158
945
47
592
552
392
650
726
722
154
726
541
323
188
993
967
820
839
857
748
962
609
939
236
411
603
400
479
129
997
673
633
884
801
971
346
797
991
943
611
249
694
917
671
169
14
77
889
31
993
670
714
921
673
821
907
635
379
633
29
987
249
495
97
803
549
297
133
908
536
573
220
497
747
479
596
426
389
294
377
306
143
102
849
479
490
548
608
873
523
765
893
811
896
315
924
799
409
695
784
130
570
671
870
59
377
207
785
449
464
880
488
842
784
158
902
784
474
921
683
882
466
873
781
912
623
78
237
578
445
755
221
542
250
382
861
900
621
744
170
306
906
702
298
383
24
193
651
10
418
391
148
369
984
940
655
878
749
7
810
925
718
754
170
698
293
356
838
742
187
84
526
584
570
361
294
873
539
381
448
13
419
359
33
129
320
780
513
325
789
673
560
687
9
690
666
457
705
567
651
745
544
880
828
454
647
435
502
836
856
337
545
468
391
871
890
780
749
219
18
937
950
971
641
787
902
441
841
266
165
282
367
982
214
308
822
945
546
443
237
22
380
978
675
536
403
63
981
345
854
899
942
345
680
996
80
689
835
291
624
343
124
758
43
255
15
266
446
335
331
811
103
139
656
851
403
453
566
623
810
275
738
324
75
474
760
293
205
797
103
338
923
70
991
596
589
730
524
68
401
135
230
746
701
880
830
301
87
111
726
276
764
415
728
711
442
402
422
665
832
367
507
622
5
231
903
569
578
71
732
167
621
598
856
442
728
62
744
872
730
790
346
918
287
322
829
692
344
482
546
968
532
413
579
885
420
9
372
178
835
299
953
952
431
448
712
99
620
19
347
906
567
847
406
175
682
49
474
5
248
686
750
498
533
573
521
760
877
695
749
684
292
14
709
769
777
144
166
368
402
266
600
155
735
518
531
711
817
69
746
725
864
206
244
159
286
265
731
597
591
502
514
560
677
264
71
745
227
657
601
160
634
741
272
578
933
675
990
232
41
354
732
503
307
151
318
391
488
558
504
326
964
100
26
858
949
58
691
556
411
605
355
55
621
575
200
319
467
396
767
57
853
523
812
277
699
974
174
25
880
406
924
851
228
471
90
389
223
763
442
438
361
883
590
607
320
468
118
101
831
696
20
106
138
767
664
999
425
856
738
999
419
469
910
325
604
962
993
525
461
537
351
300
362
26
871
89
276
625
760
4
67
549
898
341
754
117
818
152
131
48
172
415
895
601
368
789
579
972
402
225
112
562
62
129
465
99
761
994
794
267
754
308
211
404
794
898
517
542
807
339
173
903
77
362
869
332
769
4
789
798
890
855
65
856
378
520
48
378
393
26
67
366
851
3
179
651
323
961
886
432
968
84
845
133
567
782
775
324
641
781
915
944
99
344
104
875
986
98
5
584
353
374
940
295
469
195
205
226
191
619
461
584
532
551
615
221
344
623
209
471
390
877
954
190
198
523
642
273
142
773
991
337
546
782
653
967
29
511
384
419
17
677
773
835
748
691
174
6
415
985
119
371
170
410
183
147
888
921
991
177
958
703
693
727
96
416
369
817
62
427
358
214
581
427
404
336
287
978
785
942
171
936
372
128
78
803
637
462
417
860
487
652
238
525
798
304
778
867
194
198
494
653
563
628
281
747
159
81
802
645
509
360
511
723
231
92
672
313
856
222
808
278
20
941
37
926
938
929
45
798
300
392
172
414
827
654
448
163
365
75
117
924
935
594
629
923
111
551
863
165
36
59
197
3
376
1
899
798
792
303
655
446
147
600
892
274
952
363
547
947
215
764
236
795
410
192
930
330
407
304
274
801
502
937
558
23
255
756
261
39
871
580
442
547
290
981
762
8
125
906
637
271
502
640
597
337
899
530
213
853
28
555
67
764
611
272
248
927
772
314
502
950
354
949
547
904
178
21
852
228
763
779
466
520
283
451
147
774
63
743
919
245
83
741
254
774
855
956
415
435
723
299
104
981
70
907
491
329
859
125
589
102
956
74
328
191
268
593
407
93
762
337
477
910
92
407
282
932
897
504
128
427
433
516
838
182
102
80
833
750
855
125
66
612
745
791
278
925
640
755
910
971
934
20
381
140
728
469
933
957
190
94
295
726
916
647
834
56
696
219
794
18
850
240
355
315
303
426
482
812
50
312
936
311
147
796
634
559
451
378
21
227
692
114
366
166
322
274
919
26
971
786
626
875
809
14
626
264
819
817
867
869
753
517
38
688
113
989
487
867
605
406
354
108
670
569
357
162
936
197
760
847
393
485
813
138
933
414
206
964
183
309
432
594
560
968
126
84
647
561
172
906
449
81
496
677
666
134
99
141
929
504
791
862
901
519
162
823
59
652
965
882
890
702
44
754
583
311
63
363
112
479
141
934
221
26
273
582
417
38
24
880
265
35
641
739
149
432
228
14
855
415
115
744
268
733
638
451
230
620
95
872
621
418
664
680
749
496
501
689
145
777
255
618
485
81
359
290
962
504
427
392
830
439
491
0
94
201
803
354
611
994
25
928
741
572
940
578
387
679
609
15
445
896
562
166
275
157
91
481
955
151
185
496
57
432
923
898
780
302
389
36
180
500
625
724
491
293
8
144
657
169
36
992
905
707
252
292
296
199
341
216
529
995
346
731
389
110
419
328
369
966
769
611
544
334
533
917
284
660
443
984
160
130
12
861
696
345
951
386
362
606
783
451
734
752
379
11
508
333
515
440
434
677
438
307
213
35
74
784
53
375
595
634
592
686
734
982
161
376
969
429
986
64
191
905
306
900
509
218
162
711
981
627
691
935
764
553
745
15
512
635
392
912
789
349
658
632
217
272
884
601
702
781
40
139
729
534
467
364
212
547
870
178
108
755
677
438
279
837
993
985
915
730
62
536
614
676
533
379
435
702
267
79
324
711
320
968
879
505
807
275
611
132
97
742
269
484
548
216
171
60
772
54
818
43
369
824
155
527
210
566
241
871
271
462
221
76
742
84
722
215
878
322
102
675
674
820
874
664
313
675
76
397
67
349
345
875
224
927
85
983
729
603
253
651
513
442
667
517
772
811
42
711
940
942
220
572
802
238
262
711
850
660
905
363
533
867
327
941
130
275
846
134
508
482
996
658
530
853
481
134
857
168
245
9
724
730
769
55
518
988
73
465
82
654
981
20
149
733
525
832
220
942
978
784
301
834
25
132
204
259
394
170
842
328
306
81
937
2
256
471
309
206
633
470
809
864
528
752
116
274
92
731
99
877
721
971
855
67
136
886
7
378
470
612
34
524
588
940
63
514
25
505
68
368
902
577
436
349
458
504
826
141
232
350
458
373
288
98
2
988
552
895
415
933
783
646
326
532
591
339
582
878
409
221
409
938
348
456
0
178
948
189
956
67
896
117
542
55
697
745
514
346
540
272
400
758
798
482
925
583
263
309
121
610
86
143
349
35
438
316
742
513
487
798
652
882
654
979
34
528
631
386
539
397
547
84
343
407
312
704
29
200
616
338
617
376
331
187
305
186
947
771
782
947
43
351
864
266
211
893
579
305
339
507
402
897
168
511
917
933
209
21
229
208
477
288
200
571
520
477
126
720
328
667
166
117
795
564
277
573
465
535
152
869
530
765
768
421
369
881
254
788
256
742
360
782
604
694
124
755
53
203
268
460
628
320
205
232
47
507
384
537
326
416
124
15
125
558
744
488
327
227
163
227
977
125
127
989
305
211
462
412
681
404
755
626
697
299
965
110
783
611
466
890
400
115
778
22
687
873
532
1
417
589
785
21
963
811
327
978
571
747
523
115
580
63
578
330
926
365
585
917
239
176
912
185
735
774
759
646
656
827
797
890
945
114
212
959
336
338
990
210
447
388
806
352
177
227
96
763
630
824
123
507
702
448
37
575
472
292
303
703
977
607
191
301
665
432
694
416
208
797
617
587
848
309
649
403
332
592
38
156
370
570
276
856
868
499
481
679
142
750
827
696
562
168
858
598
918
299
592
435
221
405
979
495
598
348
935
201
279
683
230
38
45
572
953
463
781
760
202
772
849
497
240
874
674
461
58
311
384
30
152
349
748
97
25
645
223
789
454
239
95
452
722
811
612
836
516
653
550
772
446
337
299
312
207
48
729
809
65
508
373
135
990
672
448
566
802
448
660
443
374
405
797
569
164
109
819
408
165
593
381
152
965
11
922
497
944
961
912
559
352
246
304
202
741
237
654
213
727
926
195
303
866
739
437
450
115
502
12
368
545
606
555
433
471
888
895
768
495
790
351
329
871
418
551
570
444
651
490
956
658
177
561
65
274
574
751
213
442
83
361
748
739
750
533
244
829
195
355
918
265
862
306
964
794
508
511
338
534
616
450
215
854
468
111
31
123
137
69
941
960
338
445
899
121
191
318
529
381
170
12
274
877
845
159
222
841
730
359
964
827
141
47
591
244
313
546
953
579
709
760
736
49
41
852
743
456
937
164
791
669
253
101
943
815
337
271
713
487
74
700
947
727
206
679
725
21
497
621
125
88
445
540
965
71
723
646
100
100
438
939
516
586
498
658
587
829
754
582
103
102
551
253
988
724
956
844
708
207
348
411
939
669
463
627
381
517
761
570
665
851
942
3
509
837
21
364
513
397
872
15
307
914
228
954
935
994
129
895
581
771
102
925
949
767
601
689
109
298
228
409
981
839
51
342
945
667
389
83
11
879
412
308
886
838
328
138
536
961
368
381
36
853
500
706
165
895
750
486
721
128
50
81
907
853
178
290
317
846
468
50
306
599
909
436
371
267
695
342
259
192
147
926
985
592
399
798
824
50
490
428
794
151
76
282
112
984
345
970
571
762
953
327
129
986
22
653
896
415
600
456
222
191
966
670
48
872
401
397
687
354
572
786
653
71
99
41
83
632
720
680
750
199
355
504
332
567
497
471
24
630
674
531
606
920
972
62
212
361
577
124
876
900
904
412
352
57
786
286
644
496
573
265
128
598
465
958
31
158
535
746
310
702
241
681
600
785
361
288
866
329
981
946
428
783
465
858
993
289
24
410
869
944
285
649
809
519
19
433
58
538
105
992
116
888
585
219
76
450
539
360
449
924
758
459
582
273
898
941
926
298
28
737
86
639
534
256
231
689
608
618
222
586
240
121
688
220
34
896
352
87
156
319
90
962
516
433
693
467
402
845
550
79
460
559
415
940
867
604
641
655
423
849
883
791
831
321
16
247
556
996
677
767
994
87
328
516
160
981
866
264
329
729
691
504
13
455
357
102
125
678
65
81
321
384
181
123
233
684
421
140
151
794
312
21
777
687
899
441
483
915
215
881
678
455
555
612
563
534
478
419
207
861
319
397
920
722
186
808
791
910
973
51
241
387
182
396
790
329
313
151
352
279
972
786
61
821
411
981
154
875
155
249
887
409
311
215
137
107
146
677
771
447
104
269
428
925
502
619
979
653
286
902
214
493
646
21
852
942
296
194
436
263
482
793
518
515
198
29
174
456
257
918
921
861
565
519
425
992
909
33
350
237
806
343
438
414
363
829
693
500
893
937
48
369
963
233
822
555
845
127
279
829
662
681
242
325
177
288
334
117
589
100
888
293
687
611
739
80
667
959
322
196
793
725
156
599
739
992
428
114
344
957
737
126
696
544
230
238
616
543
806
259
651
316
565
487
658
845
302
428
842
961
554
234
256
170
860
24
393
355
292
530
810
283
895
768
172
999
338
462
932
528
500
281
535
995
431
548
860
718
287
520
908
803
142
739
925
851
950
214
718
321
288
42
877
773
611
539
366
7
997
462
218
534
560
223
492
680
327
995
768
719
190
30
205
281
150
850
161
637
119
537
49
650
828
344
802
613
573
760
735
865
330
624
687
884
135
53
154
584
344
716
954
767
286
4
87
256
998
207
935
195
238
406
682
122
729
51
331
311
273
420
0
551
141
692
833
709
294
772
434
214
960
295
931
190
846
490
18
641
100
948
672
379
186
117
488
813
196
925
518
364
125
416
30
368
46
959
705
721
972
686
747
157
442
88
309
1
617
911
864
693
255
196
574
518
892
330
449
509
943
646
756
417
541
269
978
949
123
692
382
760
117
567
431
946
213
686
208
852
461
221
43
715
191
308
50
239
230
745
175
339
196
571
919
796
168
288
176
836
763
583
772
800
991
636
416
963
613
182
806
89
269
393
975
415
759
873
171
653
715
160
395
590
946
675
963
214
955
713
895
573
954
92
947
489
663
955
51
415
852
948
502
263
325
696
5
661
495
626
140
144
288
504
19
261
254
97
485
776
37
189
775
886
68
395
458
341
475
286
184
607
757
847
273
385
729
806
56
868
502
834
192
409
592
277
677
680
686
590
309
332
522
441
266
650
15
354
881
415
131
961
362
555
226
606
118
143
647
27
832
842
656
424
697
154
274
613
100
336
651
339
816
510
534
806
97
944
798
376
431
991
665
993
344
112
418
575
6
563
540
694
816
166
936
532
818
889
663
394
732
229
530
240
809
203
203
952
899
912
929
230
319
734
586
75
500
932
92
235
757
268
530
838
474
859
307
230
336
990
682
180
217
588
957
223
502
641
521
169
253
709
597
348
96
477
48
136
237
760
770
297
660
730
537
213
159
55
851
346
920
558
8
263
425
562
856
359
957
354
84
764
613
259
2
367
738
11
937
999
895
654
646
615
687
435
873
327
409
935
12
363
675
567
315
175
203
743
797
711
190
793
591
278
382
196
694
803
923
157
591
619
316
791
913
472
427
966
706
97
339
523
627
678
479
179
992
849
232
316
86
707
537
508
347
744
131
863
884
523
0
187
956
462
10
209
748
547
746
266
160
457
9
537
507
836
854
830
914
370
314
240
653
327
643
842
860
294
862
243
386
85
421
681
87
516
6
906
660
36
630
536
392
430
629
411
648
777
94
145
722
874
533
507
776
107
653
344
473
147
239
704
584
518
189
499
19
84
825
682
411
741
478
212
753
949
76
729
398
401
323
990
44
530
121
417
51
826
770
887
716
971
186
675
91
221
943
106
367
449
734
167
568
268
139
972
638
693
211
995
884
595
161
884
381
714
44
754
367
57
279
66
763
693
973
694
318
464
708
728
498
5
113
795
276
230
286
336
264
521
210
470
613
346
55
217
949
121
514
94
747
565
672
736
233
694
686
588
967
507
704
817
925
201
995
633
956
123
47
128
457
229
288
428
254
784
961
377
743
894
325
392
390
15
119
803
893
248
50
526
390
274
603
68
161
12
918
856
313
408
764
154
315
405
897
82
98
523
317
714
672
304
968
933
600
110
428
470
104
609
556
243
91
414
240
381
659
967
301
616
92
448
688
131
38
459
171
130
959
527
314
18
308
70
869
771
958
345
800
577
206
328
361
527
61
741
297
557
335
805
797
758
421
282
677
729
11
207
958
250
909
635
698
38
979
97
981
150
31
330
619
69
784
650
721
679
369
403
326
914
493
504
250
831
200
177
704
197
909
233
778
26
139
960
198
79
479
405
966
113
274
644
464
33
623
863
91
813
382
992
465
156
763
788
993
873
714
705
705
214
408
56
124
582
397
129
595
785
336
985
47
566
46
391
663
622
773
771
902
817
244
194
584
167
138
256
227
507
975
534
100
284
148
944
73
601
503
27
748
962
178
239
44
828
529
469
95
944
377
573
989
976
120
477
482
163
143
949
693
359
168
81
68
110
581
470
908
746
634
457
521
457
216
979
439
241
573
179
515
918
933
694
277
92
763
14
532
742
19
442
454
320
15
556
355
688
28
519
380
108
463
996
992
860
110
692
709
90
581
504
631
543
349
767
924
148
157
180
3
786
562
699
143
720
169
448
702
295
628
949
978
840
334
50
928
631
371
809
501
392
678
836
440
294
587
565
907
573
723
206
749
186
228
843
858
117
615
531
690
723
849
452
957
451
58
894
827
180
510
439
532
562
43
234
830
125
235
947
892
305
430
167
717
306
366
261
749
447
520
592
236
400
757
736
968
338
357
776
79
2
717
156
529
827
378
337
395
767
539
137
405
492
714
980
30
815
191
406
660
442
850
161
860
976
175
694
171
950
185
395
595
144
2
551
158
481
999
513
120
348
209
504
499
952
541
78
863
985
144
298
541
238
97
554
961
346
501
522
403
358
314
176
970
766
240
383
583
851
114
946
624
276
818
254
830
124
823
37
152
314
560
326
526
428
723
851
330
3
420
542
250
427
797
504
989
835
549
880
734
668
111
134
332
786
550
952
860
161
188
99
428
656
92
198
778
792
506
736
969
162
242
2
618
384
323
404
776
917
919
348
1
429
755
680
782
608
714
209
20
513
222
435
129
20
503
747
387
52
780
779
793
609
820
796
510
865
36
200
559
149
373
209
558
808
442
462
119
51
692
25
330
28
264
200
482
492
744
822
430
663
448
523
853
495
981
628
689
368
879
713
85
685
944
141
243
442
2
482
867
614
385
795
626
287
534
669
232
228
770
152
739
982
356
477
755
254
379
141
442
43
83
930
821
225
45
585
920
698
876
702
128
59
641
582
991
32
444
880
82
345
720
11
115
521
916
519
615
212
83
466
55
631
535
188
181
710
111
316
266
599
741
73
86
771
322
790
410
154
225
299
431
352
48
485
312
823
319
615
781
809
975
817
194
919
331
103
616
964
688
787
241
734
788
247
480
514
966
357
684
544
253
2
23
409
577
995
258
696
564
295
318
620
114
380
187